# {"key": "Fig_6a_Organoid", "digest": "5318ff562a0c", "method": "cv_fold_mean_std", "n_folds": 10, "AUC_mean": 0.8022727272727274, "AUC_std": 0.038919079136890564}
FPR,TPR_mean,TPR_lower,TPR_upper
0.0,0.0,0.0,0.0
0.005,0.31708333333333333,0.26482557208094987,0.3693410945857168
0.01,0.6341666666666667,0.5296511441618997,0.7386821891714336
0.015,0.64085,0.535605880343735,0.746094119656265
0.02,0.6411333333333333,0.5362219209682124,0.7460447456984542
0.025,0.6414166666666666,0.5368367862455795,0.7459965470877538
0.03,0.6416999999999999,0.537450464962401,0.7459495350375989
0.035,0.6419833333333334,0.5380629458030491,0.7459037208636176
0.04,0.6422666666666665,0.5386742173493753,0.7458591159839578
0.045,0.64255,0.5392842680804087,0.7458157319195912
0.05,0.6428333333333333,0.5398930863720769,0.7457735802945896
0.055,0.6431166666666666,0.5405006604969553,0.7457326728363778
0.06,0.6434,0.5411069786240419,0.745693021375958
0.065,0.6436833333333334,0.541712028818561,0.7456546378481058
0.07,0.6439666666666667,0.5423157990417965,0.7456175342915369
0.075,0.64425,0.5429182771509555,0.7455817228490444
0.08,0.6445333333333333,0.5435194508990637,0.7455472157676029
0.085,0.6448166666666666,0.5441193079348927,0.7455140253984405
0.09,0.6451,0.5447178358029232,0.7454821641970768
0.095,0.6453833333333333,0.5453150219433411,0.7454516447233255
0.1,0.6456666666666666,0.5459108536920724,0.7454224796412608
0.105,0.6459499999999999,0.546505318280854,0.7453946817191458
0.11,0.6462333333333332,0.5470984028373448,0.7453682638293216
0.115,0.6465166666666666,0.5476900943852762,0.7453432389480571
0.12,0.6467999999999999,0.5482803798446443,0.7453196201553556
0.125,0.6470833333333332,0.5488692460319463,0.7452974206347202
0.13,0.6473666666666665,0.5494566796604599,0.7452766536728732
0.135,0.64765,0.5500426673405686,0.7452573326594313
0.14,0.6479333333333333,0.5506271955801347,0.7452394710865318
0.145,0.6482166666666667,0.5512102507849209,0.7452230825484124
0.15,0.6485,0.5517918192590605,0.7452081807409394
0.155,0.6487833333333333,0.5523718872055812,0.7451947794610854
0.16,0.6490666666666666,0.55295044072698,0.7451828926063532
0.165,0.6493499999999999,0.5535274658258529,0.7451725341741469
0.17,0.6496333333333333,0.5541029484055814,0.7451637182610852
0.17500000000000002,0.6499166666666666,0.5546768742710741,0.745156459062259
0.18,0.6501999999999999,0.55524922912957,0.7451507708704298
0.185,0.6504833333333333,0.5558199985914997,0.7451466680751669
0.19,0.6507666666666666,0.5563891681714097,0.7451441651619235
0.195,0.6510499999999999,0.5569567232889499,0.74514327671105
0.2,0.6513333333333333,0.5575226492699259,0.7451440173967407
0.20500000000000002,0.6516166666666666,0.558086931347417,0.7451464019859162
0.21,0.6518999999999999,0.5586495546629638,0.745150445337036
0.215,0.6521833333333332,0.5592105042678237,0.7451561623988427
0.22,0.6524666666666665,0.5597697651242981,0.745163568209035
0.225,0.6527499999999999,0.5603273221071317,0.7451726778928682
0.23,0.6530333333333334,0.5608831600049861,0.7451835066616807
0.23500000000000001,0.6533166666666667,0.5614372635219889,0.7451960698113445
0.24,0.6535999999999998,0.5619896172793594,0.7452103827206403
0.245,0.6538833333333331,0.5625402058171131,0.7452264608495532
0.25,0.6541666666666666,0.5630890135958453,0.7452443197374878
0.255,0.6544499999999999,0.5636360249985963,0.7452639750014034
0.26,0.6547333333333334,0.5641812243328002,0.7452854423338666
0.265,0.6550166666666667,0.5647245958323152,0.7453087375010182
0.27,0.6553,0.565266123659542,0.745333876340458
0.275,0.6555833333333332,0.5658057919076267,0.7453608747590397
0.28,0.6558666666666666,0.5663435846027529,0.7453897487305803
0.28500000000000003,0.65615,0.5668794857065211,0.7454205142934789
0.29,0.6564333333333333,0.5674134791184199,0.7454531875482467
0.295,0.6567166666666666,0.567945548678388,0.7454877846549453
0.3,0.6569999999999999,0.5684756781694682,0.7455243218305316
0.305,0.6572833333333332,0.569003851320555,0.7455628153461115
0.31,0.6575666666666666,0.5695300518092361,0.7456032815240972
0.315,0.65785,0.5700542632647297,0.7456457367352703
0.32,0.6581333333333333,0.5705764692709171,0.7456901973957496
0.325,0.6636666666666664,0.5709715271560705,0.7563618061772623
0.33,0.6787999999999997,0.5693767442958816,0.7882232557041179
0.335,0.6889333333333332,0.5673470768000483,0.8105195898666181
0.34,0.6890666666666665,0.5675652446356649,0.810568088697668
0.34500000000000003,0.6891999999999998,0.5677828860680851,0.8106171139319145
0.35000000000000003,0.6893333333333331,0.5679999999999998,0.8106666666666664
0.355,0.6894666666666665,0.5682165853379423,0.8107167479953906
0.36,0.6895999999999998,0.5684326409923491,0.8107673590076504
0.365,0.6897333333333331,0.5686481658776212,0.8108185007890449
0.37,0.6898666666666664,0.5688631589121849,0.810870174421148
0.375,0.6899999999999998,0.5690776190185528,0.8109223809814469
0.38,0.6901333333333333,0.5692915451233859,0.8109751215432807
0.385,0.6902666666666666,0.5695049361575539,0.8110283971757792
0.39,0.6903999999999999,0.5697177910561976,0.8110822089438022
0.395,0.6905333333333332,0.5699301087587897,0.8111365579078768
0.4,0.6906666666666665,0.5701418882091965,0.8111914451241365
0.405,0.6907999999999999,0.5703531283557397,0.81124687164426
0.41000000000000003,0.6909333333333332,0.5705638281512574,0.811302838515409
0.41500000000000004,0.6910666666666665,0.5707739865531662,0.8113593467801667
0.42,0.6911999999999998,0.5709836025235232,0.8114163974764764
0.425,0.6913333333333331,0.5711926750290863,0.8114739916375799
0.43,0.6914666666666665,0.5714012030413776,0.8115321302919553
0.435,0.6915999999999999,0.5716091855367438,0.811590814463256
0.44,0.6917333333333333,0.571816621496418,0.8116500451702486
0.445,0.6918666666666666,0.572023509906582,0.8117098234267512
0.45,0.692,0.5722298497584273,0.8117701502415726
0.455,0.6921333333333333,0.572435640048217,0.8118310266184495
0.46,0.6922666666666666,0.5726408797773471,0.811892453555986
0.465,0.6923999999999999,0.5728455679524083,0.8119544320475915
0.47000000000000003,0.6925333333333332,0.5730497035852469,0.8120169630814196
0.47500000000000003,0.6926666666666665,0.5732532856930271,0.812080047640306
0.48,0.6927999999999999,0.5734563132982914,0.8121436867017083
0.485,0.6929333333333332,0.5736587854290222,0.8122078812376442
0.49,0.6930666666666665,0.5738607011187031,0.8122726322146299
0.495,0.6943996632996626,0.5756982975346109,0.8131010290647144
0.5,0.8132996632996626,0.7355476524673191,0.8910516741320061
0.505,0.9321996632996626,0.8826216156462526,0.9817777109530726
0.51,0.9334666666666667,0.8840237253661691,0.9829096079671642
0.515,0.9335333333333334,0.884088369540805,0.9829782971258618
0.52,0.9336,0.8841522048576032,0.9830477951423968
0.525,0.9336666666666666,0.8842152314554976,0.9831181018778357
0.53,0.9337333333333333,0.8842774495130593,0.9831892171536073
0.535,0.9338000000000001,0.884338859248452,0.9832611407515481
0.54,0.9338666666666666,0.8843994609193794,0.9833338724139539
0.545,0.9339333333333334,0.8844592548230221,0.9834074118436447
0.55,0.9339999999999999,0.8845182412959639,0.983481758704036
0.555,0.9340666666666667,0.8845764207141111,0.9835569126192223
0.56,0.9341333333333335,0.8846337934925992,0.9836328731740678
0.5650000000000001,0.9342,0.884690360085692,0.983709639914308
0.5700000000000001,0.9342666666666666,0.8847461209866718,0.9837872123466613
0.5750000000000001,0.9343333333333333,0.8848010767277188,0.9838655899389479
0.58,0.9344000000000001,0.884855227879781,0.9839447721202192
0.585,0.9344666666666667,0.8849085750524364,0.984024758280897
0.59,0.9345333333333332,0.8849611188937457,0.9841055477729207
0.595,0.9346,0.8850128600900955,0.9841871399099045
0.6,0.9346666666666668,0.8850637993660314,0.9842695339673021
0.605,0.9347333333333333,0.8851139374840845,0.9843527291825821
0.61,0.9348000000000001,0.8851632752445889,0.9844367247554112
0.615,0.9348666666666666,0.8852118134854876,0.9845215198478456
0.62,0.9349333333333334,0.885259553082134,0.9846071135845328
0.625,0.9350000000000002,0.8853064949470816,0.9846935050529187
0.63,0.9350666666666667,0.8853526400298669,0.9847806933034665
0.635,0.9351333333333333,0.8853979893167846,0.9848686773498819
0.64,0.9352,0.8854425438306535,0.9849574561693466
0.645,0.9352666666666668,0.8854863046305742,0.9850470287027594
0.65,0.9353333333333333,0.8855292728116807,0.985137393854986
0.655,0.9353999999999999,0.8855714495048828,0.985228550495117
0.66,0.9422666666666666,0.8954904143822244,0.9890429189511087
0.665,0.9522333333333333,0.9030728704478894,1.0
0.67,0.9555999999999999,0.9039600499182614,1.0
0.675,0.9556666666666667,0.9040258128997335,1.0
0.68,0.9557333333333332,0.9040908013358497,1.0
0.685,0.9558,0.9041550153021182,1.0
0.6900000000000001,0.9558666666666668,0.9042184549088742,1.0
0.6950000000000001,0.9559333333333333,0.9042811203012558,1.0
0.7000000000000001,0.9559999999999998,0.9043430116591717,1.0
0.705,0.9560666666666666,0.9044041291972607,1.0
0.71,0.9561333333333334,0.904464473164842,1.0
0.715,0.9561999999999999,0.9045240438458615,1.0
0.72,0.9562666666666665,0.9045828415588266,1.0
0.725,0.9563333333333333,0.904640866656736,1.0
0.73,0.9564,0.9046981195269994,1.0
0.735,0.9564666666666668,0.9047546005913515,1.0
0.74,0.9565333333333333,0.9048103103057578,1.0
0.745,0.9565999999999999,0.9048652491603134,1.0
0.75,0.9566666666666667,0.9049194176791333,1.0
0.755,0.9567333333333334,0.9049728164202354,1.0
0.76,0.9568,0.9050254459754171,1.0
0.765,0.9568666666666665,0.9050773069701248,1.0
0.77,0.9569333333333333,0.9051284000633144,1.0
0.775,0.9570000000000001,0.9051787259473059,1.0
0.78,0.9570666666666666,0.9052282853476307,1.0
0.785,0.9571333333333332,0.9052770790228731,1.0
0.79,0.9571999999999999,0.9053251077645028,1.0
0.795,0.9572666666666667,0.9053723723967012,1.0
0.8,0.9573333333333334,0.9054188737761819,1.0
0.805,0.9574,0.9054646127920043,1.0
0.81,0.9574666666666666,0.9055095903653794,1.0
0.8150000000000001,0.9575333333333333,0.905553807449471,1.0
0.8200000000000001,0.9576,0.9055972650291887,1.0
0.8250000000000001,0.9576666666666667,0.905639964120976,1.0
0.8300000000000001,0.9577333333333332,0.9056819057725918,1.0
0.835,0.9578,0.9057230910628862,1.0
0.84,0.9578666666666666,0.9057635211015688,1.0
0.845,0.9579333333333333,0.9058031970289737,1.0
0.85,0.958,0.9058421200158169,1.0
0.855,0.9580666666666666,0.9058802912629487,1.0
0.86,0.9581333333333333,0.9059177120011006,1.0
0.865,0.9582,0.9059543834906273,1.0
0.87,0.9582666666666666,0.905990307021242,1.0
0.875,0.9583333333333333,0.9060254839117492,1.0
0.88,0.9583999999999999,0.9060599155097696,1.0
0.885,0.9584666666666667,0.9060936031914624,1.0
0.89,0.9585333333333332,0.9061265483612411,1.0
0.895,0.9585999999999999,0.9061587524514867,1.0
0.9,0.9586666666666666,0.9061902169222548,1.0
0.905,0.9587333333333333,0.9062209432609789,1.0
0.91,0.9587999999999999,0.9062509329821693,1.0
0.915,0.9588666666666666,0.9062801876271096,1.0
0.92,0.9589333333333332,0.9063087087635454,1.0
0.925,0.959,0.9063364979853746,1.0
0.93,0.9590666666666667,0.906363556912329,1.0
0.935,0.9591333333333333,0.9063898871896549,1.0
0.9400000000000001,0.9591999999999998,0.9064154904877912,1.0
0.9450000000000001,0.9592666666666666,0.9064403685020423,1.0
0.9500000000000001,0.9593333333333334,0.9064645229522484,1.0
0.9550000000000001,0.9593999999999999,0.9064879555824531,1.0
0.96,0.9594666666666665,0.9065106681605691,1.0
0.965,0.9595333333333332,0.9065326624780402,1.0
0.97,0.9596,0.9065539403494997,1.0
0.975,0.9596666666666668,0.906574503612429,1.0
0.98,0.9597333333333333,0.906594354126812,1.0
0.985,0.9597999999999999,0.9066134937747885,1.0
0.99,0.9602666666666664,0.9075652435359763,1.0
0.995,0.9801333333333332,0.9537826217679882,1.0
1.0,1.0,1.0,1.0
