,20,20,10,10,10,10,5,5,5,5,2.5,2.5,2.5,2.5,1.25,1.25,1.25,1.25,0.625,0.625,0.625,0.313,0.313,0.313,0.313,0.156,0.156,0.156
0,0.0522690671495019,0.07517940025489343,0.19578423072733092,0.07386667072920672,0.0617355854452956,0.03747302697478467,0.10761316840258313,0.04644769033847274,0.04438764668118383,0.10733366648990496,0.14659319309419971,0.061897990852104325,,0.09639032606759591,0.1372269608254389,0.2423544471630374,0.12369472385420043,0.0005535670579419751,0.04090263327037397,0.06143943002375457,0.0003295008079677183,0.22040660401759152,0.035811523415116314,,0.0900391245163011,0.030364515205315662,0.0003558998601926306,0.07779778107264922
3,0.04467500029859156,0.07592351103953192,0.19852681241449233,0.06708447743905278,0.08800364242013076,0.04513368013186384,0.11678332928814229,0.04156045793228415,0.035413235771981126,0.11852966731147377,0.18322616366710612,0.05771693490619315,0.005405913823304947,0.08207525039609755,0.11795849204305055,0.2974195162495291,0.10722575408731391,0.0006068872349054082,0.04170075901029176,0.0009686842655629413,0.0004674172963049048,0.0019291538599563863,0.0561897890578546,0.10030216818659703,0.08419792077607201,0.03148080938518204,0.00035920144781701304,0.07164759700931257
15,0.03708093344768121,0.0766676218241704,0.18142176276191868,0.0845257928984759,0.0800208102739123,0.0005083451873183934,0.09711205126362354,0.04543826195533219,0.03619917134698942,0.10156756534921096,0.19074537928607024,0.06402610270963463,0.01045304705640703,0.000645875215305663,0.12761162105181215,0.2624110393541444,0.0916731085805965,0.0006468599693815583,0.018870346882737764,0.04741808106627978,0.0004349843947774614,0.23326760012997147,0.05787587285783529,0.10744546165940413,0.04466326268028437,0.0005421534360849399,0.00036250303544139555,0.06549741294597593
17,0.03579808752001255,0.07060932889315068,0.16542742969253044,0.08808315423696478,0.07799662269107328,0.03627622887659425,0.10843107524521796,0.04495781337261177,0.0345915435590899,0.10111115459860383,0.1871471111904123,0.0656288864154814,0.18045093495084186,0.03629355292283054,0.11362471026137748,0.22740256245875964,0.09394463408647591,0.0004769636741404611,0.0007264657007723027,0.04155124175655148,0.00047591310003438427,0.21491160772468493,0.05575582983763044,0.11458875513221126,0.03861510753164317,0.0006035713448287353,0.0003413516955408268,0.06456139845588096
20,0.034534970929039746,0.0011292200239429308,0.15820894991002288,0.0744145979341844,0.07906043294790598,0.0009020974430483358,0.09604379456640952,0.04737320568953753,0.012616555607902622,0.1125906299149193,0.146344049609308,0.06456359243570117,0.1877445267750418,0.037226181452711234,0.12687104908778588,0.0017772339314900765,0.09850411297943562,0.00035387625441297716,0.012458392816778277,0.04957793714049265,0.00041680788567315206,0.20528594879983356,0.05560627258598684,0.220031049234311,0.04637652388662653,0.0004428214868132482,0.00032020035564025805,0.06641074220854382
23,0.032956673327136254,0.07168891963869288,0.22902594391323808,0.07692509708796538,0.03814940287038624,0.04023648715332007,0.08225697427628006,0.045231320796628026,0.03752085817855257,0.10636074832830447,0.18590800129283716,0.06349160647225223,0.1825847226858997,0.004726869711194543,0.10910553375966726,0.0023269308852290407,0.08903103825459809,0.00044212827138133404,0.0005029936718184205,0.047109458352561764,0.0004147749406197544,0.2187476496408497,0.06823830983563224,0.2001434801734386,0.06607341305087064,0.000507782044932704,0.00031341109502758745,0.06826008596120665
25,0.03345663539248089,0.06598381463466464,0.19650103481793485,0.09058131152918922,0.08431660288813124,0.04497294528123855,0.09720943287485152,0.04349547155993104,0.0009630432466542435,0.10500358479130568,0.17594015785845427,0.06240104220374687,0.181136506486928,0.0006218844310265273,0.10866056188555544,0.2634856413688366,0.08979499482649583,0.0005616727650470604,0.0008427712554054428,,0.0004453435226593105,0.21399046108595798,0.06307427546434531,0.19829467550424376,0.06402881267837213,0.0005194547015921067,0.0002867788594666616,0.05983910036352584
28,0.03321207640006529,0.06163120925963393,0.22303979226440765,0.08255510876454475,0.09791331090017406,0.04970904699091469,0.09118509214528622,0.0487272740503723,0.03838189537275874,0.10007244352874894,0.17951083575656096,0.05147923639605538,0.19410484329691205,0.0010983763053103743,0.1102627937707949,0.12940209534896163,0.09726338721034043,0.00040289870405462813,0.0005856642672123473,,0.0003994166419243859,0.2092332725310663,0.06775832974623858,0.22986474707586113,0.06511803690559309,0.0350836825416618,0.0003325788562915175,0.060748287104981494
30,0.031098240545952168,0.05881795919494196,0.22112434842714154,0.06584557705977488,0.09448926509134681,0.05084349593882821,0.09327596743100391,0.04917077017845669,0.038186045919579664,0.09916010627213154,0.1914475748100968,0.04191671167194742,0.2039193245632107,0.0008455496885280446,0.1026901538492096,0.2230107842309421,0.09208909529817862,0.0003961128259018994,0.00048642702761763826,,0.0003722926855614592,0.2044760839761746,0.06775282906854067,0.21037921614833993,0.09437415795638492,0.0005408834187654022,0.00026940753437946027,0.06469132929533104
33,0.03193401921686383,0.023658836152536947,0.18302976138824648,0.05124205663748447,0.10395603152803432,0.07668697022008372,0.10020666366154105,0.04727674327793415,0.036600282872508216,0.10611043058350651,0.16511476603362807,0.044108758193476906,0.001686303479431503,0.0004708636074999726,0.12560436579112327,0.24364588077246718,0.07002555934219458,0.008112629571238938,0.0004655928048840082,,0.0003715709511673539,0.19660168348274545,0.07110884605351436,0.1023852451923547,0.08192943032198269,0.00043442715553698236,0.0003123215603080398,0.055926233248738945
35,0.016362404794107034,0.058243444396387976,0.20403790573601177,0.06154453362964909,0.10947356362030669,0.05570512332570612,0.08231035691419046,0.052078414794800215,0.03392356599442246,0.11147059529522675,0.1614542024477019,0.048117683468981064,0.12686037857806623,0.003553703054201367,0.10430919173696253,0.23556509496057074,0.06577499029333667,0.00038605818307104156,0.0005376333368724387,,0.00043066534201851144,0.20569680628273324,0.06920266324064116,0.18716975194357113,0.08950183965113659,0.0005432158010376041,0.00030541620659226405,0.023869596783900188
38,0.030174758990616526,0.06452683209207688,0.20068314424789516,0.06685563722005629,0.09800630478408798,0.057959119342057205,0.07255987391977568,0.000612775493952257,0.031464777597000566,0.0011014651668408769,0.1537927672739298,0.02510001485455663,0.25203445367670096,0.0004736770170365174,0.11009508879538876,0.18925516747833562,0.06390472868725404,0.0004071248684032264,0.0006355160084647152,,0.00030762901483125115,0.2255685235800043,0.07511705011980366,0.20108586090299574,0.06647960752988027,0.034033577855015394,0.00029975114056272895,0.06925634190611091
41,0.000434346286036315,0.06219617424519191,0.22733650119765153,0.06105755646569707,0.09496449464458537,0.05245525449934907,0.08731019855834081,0.0013907027352639538,0.03390725051979194,0.1001548645515616,0.16740707175362424,0.06737756262086758,0.20586392303793524,0.0005798349030697349,0.10717187779844613,0.2345989887203421,0.07129426980223635,0.0004462973217323033,0.0005554385524312394,,0.00028386690469376714,0.2288722225033374,0.07884020726835853,0.1871984476022925,0.059711322175747,0.03399281199909231,0.0003201190254830076,0.06332363816684045
43,0.028874134354919322,0.06423269772007466,0.2096257463548613,0.06583036536627002,0.0806970908271647,0.04954883826300011,0.08698292369261601,0.04784088524667327,0.0006414334303632551,0.09620076533912116,0.17060729354859205,0.027204643624158305,0.18725453154137905,0.0016979208874466109,0.09741326428146742,0.22710146237382262,0.07868381091721868,0.00042274425185009256,0.0005552162931145064,,0.0002846522705229519,0.1875446012471807,0.0674461375679662,0.2015085497347375,0.05233870747934866,0.03417229325020624,0.00035041079290621936,0.06137555593278026
46,0.00032968462834537043,0.05721860350576222,0.2119614961654932,0.04838783358512514,0.06895463561814895,0.05177807458990437,0.07617979076513104,0.05917644108203832,0.03392292314915269,0.04719037484319958,0.159761623388945,0.05218572506909528,0.2108558532852805,0.0006654209556939574,0.11517681461380798,0.20023684857675497,0.006467126453815487,0.00041062223923433495,0.0006423462428100413,,0.0002396948912398354,0.1922099478049893,0.07489128200935384,0.1722853728036497,0.04731947585573,0.0381807225486226,0.00034079041567637987,0.06177354505254799
49,0.0004262987398761557,0.0015505486444444766,0.20965279225285757,0.043212811884452515,0.07960488805171313,0.04151829784629191,0.0678271615731526,0.06003283899065521,0.03560070545435211,0.09851696238724,0.164860626856951,0.06565135292250701,0.1947928978477516,0.0031510959449787142,0.051161608761188804,0.2032411777185483,0.07197262952138223,0.011058473952306717,0.003053772934834733,0.0005084075735761282,,0.18039103262059317,0.08190074716717467,0.16716727528570768,0.04515798254089261,0.03853421600106718,0.0002592409735225931,0.06217153417231573
51,0.0003592166537825169,0.031134302343531546,0.20734408834022192,0.04940853186984309,0.08628197246771216,0.038728831535636804,0.09363082303133875,0.04668840974510227,0.03458555459743015,0.046498816688684545,0.16964961070508272,0.09962924429292838,0.18117438884483897,0.0005145205155539678,0.1086341812888004,0.2058082612650172,0.0017753289725181978,0.00041000171309520187,0.0007573157973110636,0.0005179431746242188,,0.19053244446646403,0.07898583457666013,0.15388122076049346,0.0318825783589863,0.0004619543554118942,0.0012512528932301828,0.06947939490662368
54,0.0004912729858577921,0.0674983918591053,0.11247261010058182,0.05560425185523368,0.07928638910872429,0.04328450102351647,0.07323406831088602,0.04809753433911236,0.03366443368105474,0.09355937296605335,0.16329965754131315,0.13974641068172514,0.19367466890318868,0.00047754093991151243,0.12819697517665715,0.1880000614785592,0.052265067888241167,0.0014202865662774733,0.0007360756290139656,0.03332639803515793,,0.14689863298970987,0.03802222258361377,0.10048775275986806,0.01623778943934476,0.00047787359349047364,0.00036138679289464203,0.054900882466443326
56,0.00039167811412543454,0.06076272054073259,0.18891109059931022,0.07173693508549998,0.08238832725766584,0.05228265631213127,0.07972237968619206,0.0006695471319533324,0.0005599312899488,0.09434178989805148,0.17181597498001602,0.12164242333074167,0.18156584529593814,0.0005911840595598775,0.08679473268575608,0.18267345953247233,0.03710551632445934,0.0005933789665293952,0.0006741917179174989,0.017640666055785157,,0.1625956041892463,0.08663800777353038,0.08191999399718601,0.0005930005197032195,0.03662618540012059,0.00033155657579055076,0.05980100853657784
59,0.00036381197472257047,0.06382808549080952,0.19533653532397643,0.06024226983744983,0.08124369038532357,0.055113875142022185,0.07885229315259516,0.0005375155708994393,0.0004504450334855783,0.0877801902215821,0.19678073425105058,0.0919723567957241,0.21297606324564855,0.0004681245207372945,0.05788326334333497,0.24149078825185505,0.03658675200855101,0.0005585971314949055,0.0006123078068210322,0.038298562613739956,,0.15000703716557826,0.08672348867289176,0.04113499073577811,0.00035016133171263976,0.036440862091458553,0.00031595122222452906,0.05601710388718884
62,0.00036732135692706493,0.058453892324751754,0.17161596029296236,0.05664553155304793,0.06974931452282643,0.05336610983118093,0.07793190943586174,0.0007561198089176037,0.0005065097193775826,0.07761596647547216,0.1827932230975171,0.1231528986391609,0.22028281286222964,0.000503251891290441,0.04343938879627524,0.19790492805204146,0.035777708655246744,0.0004600387057259924,0.034998361042396314,0.0007547660443847357,,0.14115089114389093,0.07892109398216973,0.0012460820586520022,0.0005579537205829463,0.03638532654079717,0.0003171149577051686,0.05223319923779984
64,0.0005850958780602895,0.05826557333394713,0.18698168338411694,0.056079657745942875,0.09113344132448414,0.05684478425051376,0.08161272335336393,0.0005518784119417388,0.000464741629146875,0.08097293526394618,0.16880571194398364,0.16274308194414766,0.1892954254195314,0.000897982546871623,0.03573653458503084,0.19890386735984855,0.03838512277726852,0.0003987139113990235,0.0535972629727817,0.0010241523870440925,,0.10947752305920448,0.03590889017120246,0.0008735764126361563,0.000509683824479397,0.03470658294116937,0.0003912013056451383,0.04329457721411618
67,0.0004073621116573433,0.057731108981211386,0.166262352729015,0.059045580891803354,0.08159665154585787,0.058890373084524716,0.09325213971171041,,0.00048078081914153476,0.07518308784756708,0.17331464346136982,0.15158102074795649,0.19898250748051516,0.000530058093578306,0.03627126104320208,0.20307613443601236,0.04006256501956302,0.0002770525602821813,0.06399360139722494,0.0006341935765500245,,0.114996045858829,0.08608809267665433,0.0005010707666203104,0.00046141392837584764,0.020693425750891607,0.00037873124859356337,0.04339674639400416
70,0.027572494061233327,0.05719664462847565,0.1997436716229324,0.05688398773674045,0.08417861449872312,0.060642965617319536,0.1087821388643128,,0.00042556304301910147,0.07353264130462962,0.16561091711257087,0.14176358180559334,0.18428309444574856,0.012193862455480367,0.034374611847086026,0.18347251793235664,0.04174000726185752,0.0003332601617084069,0.07345089680188777,0.0005789249154120937,,0.11020213308727876,0.07549481192616218,0.00044017491691974054,0.0003535757768020913,0.03867000226716396,0.0004073572861655134,0.03576456543626765
72,0.0004223826806347449,0.059601357309690246,0.17290692150139692,0.05838544760040324,0.07626498634382319,0.0563765535255709,0.10636394909421307,,0.0007424158009265266,0.06509624083509677,0.20587961189670254,0.135192871794219,0.20585969734472567,0.0004857881158271962,0.03407914938103959,0.24527567081098936,0.0006984791581202413,0.00027860495316803544,0.07257894148083777,0.0005236562542741629,0.0003103156822928825,0.12122061985331245,0.07074807164757994,0.0005505105779186723,0.05104879765924687,0.04171235408433849,0.000350325631007547,0.036690741215539294
75,0.0004528171233560757,0.0608990073878641,0.19838185228611338,0.05280166269664877,0.07209845102587491,0.06439845039898255,0.09992097602272543,,0.0008020160752080146,0.0671722055744201,0.20029861345780553,0.14857768043422953,0.1773391071104617,0.0005850702205027514,0.03329134393006252,0.0017348666339987795,0.0006014101652172703,0.00030731140315234365,0.06879464746018095,0.000468387593136232,0.00029583265649905715,0.11720326594402225,0.06867923296235434,0.0004145913945360384,0.06412924237723819,0.046254306042408516,0.0010472592411425957,0.0006679463500927899
78,0.0004390590312934211,0.05488511117525506,0.2006254431855499,0.05800942859006347,0.0016316803762288134,0.06081719497962531,0.11251725034685102,,0.00046092047393164314,0.06924817031374342,0.201512035120816,0.14687243015205104,0.18281577615251324,0.0004314609778429981,0.0006019980534143781,0.2552337051836925,0.0005043411723142995,0.00032282902477158556,0.05521300067966971,0.0004131189319983011,0.0002858558290243752,0.14808592833695572,0.06368340658006488,0.000697331500458779,0.0008221547843145653,0.03940865289408466,0.0003609096209242743,0.0007003926556744872
80,0.0004253009392307665,0.055340625929644546,0.19199288987880891,0.05852748915915744,0.08075831198195418,0.057235939560268054,0.10129866036747426,,0.0004106854762738277,0.07239478405558837,0.16946161042791266,0.13533891317468394,0.15245315231933412,0.0004610821595645274,0.0004914269287060474,0.001782673813664722,0.0005592858860819754,0.00031537562048943344,0.0562378011125311,0.0005057470228789242,0.00029229958122325506,0.1563379614448669,0.06602543802470133,0.0005022158048177844,0.05246519237039712,0.00048123070779025395,0.0005125661186364416,0.043437252764207755
83,0.00027632074580164124,0.0539555516698284,0.17521524224548254,0.06082241831293304,0.085715603598286,0.05561364628108908,0.0978975715928041,,0.00044686756236325773,0.05561627627120593,0.1634404109633395,0.12380539619731681,0.1570208259178865,0.0005475695641205016,0.0004378808083278633,0.26512809117641395,0.0005760937926857183,0.0003534057482492649,0.06548437208267638,0.0006735725014788738,0.00031682790058464553,0.1792485871105212,0.06688489382566153,0.06169517115492603,0.050622840376719686,0.038778905848576815,0.0005125700417902249,0.0378719876317985
86,0.0004034547812624556,0.05431951736695309,0.19293705167167052,0.06023008391657562,0.0703238562641786,0.05643204363531136,0.09419461441169584,,0.0006311216344015414,0.05853906808727835,0.15741921149876636,0.13685712391476892,0.141468496020557,0.0004990660371685814,0.0003843346879496792,0.21260204144873351,0.0005653050486847632,0.0004206991660689036,0.055417664610309225,0.00030526436969244676,0.0002584740950440831,0.1788926391332857,0.07656224539891146,0.08903354230429754,0.05350485421480264,0.03724691869646336,0.0007122974848474118,0.036051521529840994
88,0.029820014778950653,0.05219696311286085,0.1731445898005856,0.05953832796151985,0.07434504251558892,0.05872786518061919,0.10391213278080287,,0.0004450981038859071,0.05031392978728415,0.14987759312951066,0.12971602045239744,0.15497906545479045,0.0005082147915369451,0.0003307885675714951,0.21604619672355327,0.00048641780673010687,0.0003785826305896021,0.037800774868641404,0.00046544323094137676,,0.17987003859650516,0.055926866121075905,0.11940863619211249,0.062306212269524514,0.0375121087420773,0.00041339511655081267,0.035851684459175005
91,0.005955679681267783,0.057175290306333934,0.16137746747440482,0.06017948246840489,0.06642853824619135,0.06011118430268524,0.09123712004679074,,0.0003634619833241291,0.05053774591479533,0.1525061672240541,0.12863294268463188,0.1690728857103589,0.0004561089240239219,0.00028577380332470414,0.22984675723398956,0.00048618570016912356,0.000345573547072112,0.05626082176173862,0.0005145192186292884,,0.2077172459421606,0.0643140787899011,0.13343000626101226,0.05051973772996466,0.03624530920489399,0.021442589534175726,0.035041379853459384
94,0.00047336738510190196,0.05015051402067606,0.16504892931489212,0.0624511118179319,0.0676754646220175,0.061494503424751296,0.09207205991461075,,0.001191925298189408,0.044171665992559075,0.14741627799896018,0.12754986491686632,0.15483037078163603,0.0004317912625896419,0.000287166992314538,0.24364731774442583,0.00048595359360814025,0.00035739060947489315,0.0006320997104082221,0.00043652506766205006,,0.1801648847376809,0.07407372802214421,0.13028815707208172,0.046496316490482324,0.03437644087177953,0.0004867730442310256,0.032500606030566946
96,0.0003233921273887675,0.05888524545660006,0.1623997315704157,0.06459750770850646,0.048855104675379867,0.06287782254681736,0.08157938459216549,,0.0004358868632910307,0.04977519773083604,0.1576255211826447,0.10827560379686331,0.18773197205229364,0.00044233973228765985,,0.2444988157939779,0.0004256530929707383,0.00039980773307717813,0.032820804866969325,0.0003758060837366728,,0.1812427235817488,0.061024757283949474,0.13728063976414903,0.04927683009187402,0.036303201326595924,0.00036648255472205004,0.038706110117476024
