,20,20,10,10,10,10,5,5,5,5,2.5,2.5,2.5,2.5,1.25,1.25,1.25,1.25,0.625,0.625,0.625,0.313,0.313,0.313,0.313,0.156,0.156,0.156
0,1.1363636363636354,2.499999999999998,1.8656716417910428,2.3484848484848464,1.6911764705882337,1.044776119402984,2.3015873015872996,0.44776119402985026,0.29411764705882326,1.8939393939393923,1.6417910447761177,2.4615384615384595,,0.9558823529411756,1.2686567164179092,0.7258064516129026,1.8840579710144914,1.171874999999999,0.7575757575757569,0.21739130434782594,2.499999999999998,2.2727272727272707,2.0149253731343264,,1.9402985074626846,1.5384615384615372,1.9402985074626846,0.7462686567164172
3,1.2398236092265842,1.4365671641791007,1.8840579710144993,0.8333333333333363,2.462686567164188,2.2794117647058503,1.5441176470588291,1.3636363636363684,1.9230769230769298,1.928571428571401,0.5223880597014945,1.8656716417910515,0.29411764705882193,0.36764705882353077,2.388059701492546,2.450980392156828,0.44776119402985237,0.23809523809523897,2.3134328358209038,1.5441176470588291,2.063492063492071,2.000000000000007,0.7462686567164206,2.142857142857151,0.4411764705882369,1.268656716417915,2.1443916779737706,1.3201040253279088
15,1.343283582089533,0.37313432835820365,0.955882352941163,0.6617647058823436,1.1764705882352775,1.34920634920633,1.6417910447760962,2.4626865671641442,1.1029411764705728,0.5970149253731258,0.461538461538455,2.0895522388059407,1.7045454545454304,1.0156249999999856,0.942028985507233,2.3486786018754993,0.6818181818181721,0.23437499999999667,1.0937499999999845,2.2307692307691993,1.40624999999998,0.9016393442622823,0.8088235294117533,2.255639097744348,0.8955223880596888,2.4999999999999645,2.3484848484848566,1.8939393939394007
17,2.352941176470555,0.2941176470588194,1.8181818181817921,1.5909090909090682,0.6716417910447665,1.4925373134328146,1.3970588235293921,1.985294117647031,2.318840579710112,1.7910447761193775,2.0588235294117356,1.159420289855056,2.1969696969696657,2.4264705882352597,2.3571428571428235,2.246376811594171,1.9402985074626589,1.5322580645161075,1.34920634920633,0.3076923076923033,2.301587301587269,0.9848484848484708,0.2941176470588194,2.3684210526315455,0.22058823529411453,0.6923076923076825,1.7387585532746783,2.4626865671641442
20,1.1363636363636203,1.5384615384615166,1.1029411764705728,1.5671641791044553,1.985294117647031,1.666666666666643,2.2058823529411455,2.0895522388059407,1.2499999999999822,2.1323529411764404,0.8955223880596888,1.1764705882352775,1.5151515151514936,2.238805970149222,0.4477611940298444,2.040816326530583,0.7462686567164073,0.7936507936507824,0.23437499999999667,2.121212121212091,1.4285714285714082,0.5223880597014852,1.5217391304347612,2.0895522388059407,1.119402985074611,0.2380952380952347,1.1290322580645002,1.9922128487994528
23,0.5384615384615308,0.869565217391292,2.0149253731342998,0.6716417910447665,2.238805970149222,2.348484848484815,2.463768115941994,0.6617647058823436,0.8088235294117533,1.231884057970997,2.17391304347823,0.37313432835820365,0.36231884057970504,0.5147058823529339,2.1969696969696657,1.8181818181817924,1.6417910447760962,2.10937499999997,2.4603174603174254,0.7971014492753511,2.222222222222191,0.37313432835820365,1.6911764705882115,2.348484848484815,0.7462686567164073,2.016129032258036,0.7142857142857041,1.5217391304347612
25,1.911764705882326,0.6716417910447665,1.3043478260869381,0.942028985507233,2.246376811594171,2.4999999999999645,1.884057971014466,2.2794117647058503,0.9999999999999858,1.7605633802816651,0.22727272727272402,1.6666666666666432,1.5624999999999778,0.7812499999999889,2.0588235294117356,1.145833333333317,0.955882352941163,0.4761904761904694,0.31746031746031295,,0.23437499999999667,1.666666666666643,0.37313432835820365,0.22058823529411453,0.942028985507233,2.301587301587269,2.4218749999999654,2.164179104477581
28,0.37313432835820365,0.6818181818181721,1.5217391304347612,2.2794117647058503,1.5671641791044553,1.3235294117646872,1.7164179104477368,1.7164179104477368,2.101449275362289,0.3030303030302987,2.2058823529411455,0.6521739130434691,1.6911764705882115,1.9354838709677145,2.1969696969696657,0.5882352941176388,2.0588235294117356,1.40624999999998,1.7460317460317212,,1.4285714285714082,1.094527363184064,2.0149253731342998,0.955882352941163,1.4492753623188201,1.2878787878787694,1.0769230769230616,1.7968749999999745
30,2.0149253731342998,2.238805970149222,2.2058823529411455,1.7164179104477368,2.0588235294117356,2.0895522388059407,2.4999999999999645,2.352941176470722,1.7910447761193775,2.2727272727274017,1.3043478260869381,1.838235294117621,2.348484848484815,1.1904761904762158,2.3134328358208625,0.45454545454544804,2.2727272727272405,0.7812499999999889,1.5624999999999778,,1.984126984126956,0.5223880597014852,1.769230769230744,2.318840579710112,1.8181818181817921,0.39682539682541934,2.1311475409835765,1.2499999999999822
33,0.7352941176471006,0.9558823529412308,2.2307692307691993,0.5797101449275692,1.5624999999998668,2.132352941176289,2.164179104477581,0.9420289855073,1.8115942028986538,1.7391304347824605,0.5223880597014852,0.9090909090908315,1.4545454545454546,1.9047619047618776,0.44776119402981257,0.5468749999999534,1.6911764705883314,0.793650793650726,2.348484848484648,,1.9672131147539307,0.3676470588235503,0.44117647058826037,2.4626865671641442,0.22727272727274017,0.634920634920671,2.265624999999968,1.8181818181817921
35,2.0312500000001155,1.250000000000071,1.9402985074625212,1.4393939393940212,1.1940298507462517,2.1641791044777348,1.4925373134328146,0.21428571428572646,0.30303030303032025,0.21739130434783846,0.5882352941175969,0.9848484848485408,1.2419786096256977,0.6250000000000355,2.3437500000001332,2.0454545454546618,0.30303030303027717,0.5468750000000311,2.222222222222191,,2.0312500000001155,0.22058823529413019,1.287878787878678,1.176470588235361,1.1194029850746905,2.3015873015874324,2.016129032258179,0.9701492537313984
38,0.8088235294118107,1.8382352941174902,0.5970149253731682,2.0289855072464924,0.2985074626865841,1.716417910447615,0.21739130434783846,2.2580645161291604,0.22058823529413019,2.1818181818179956,2.089552238805792,1.9402985074625212,1.0294117647059409,2.0312500000001155,0.44117647058819764,2.0289855072464924,1.9402985074627968,1.746031746031845,1.6666666666667613,,0.6923076923077317,1.1594202898551385,2.0149253731341568,0.22058823529413019,1.449275362318923,0.5147058823529704,2.063492063491888,2.499999999999787
41,1.5322580645159984,1.8840579710146,1.7164179104478587,1.6911764705883314,2.2463768115943306,1.2318840579710846,0.5147058823529704,1.666666666666643,0.5970149253731258,2.0588235294118817,0.2985074626865841,2.3880597014925034,1.9852941176468895,2.2580645161288397,0.4477611940298762,1.9402985074627968,1.8892669007901435,1.5079365079363793,0.48387096774189425,,2.4590163934424134,1.956521739130546,0.7971014492754077,2.348484848484982,0.6818181818181236,1.3432835820896285,1.2307692307693008,1.4705882352942012
43,1.4179104477612745,2.164179104477581,1.3970588235294912,0.5970149253731682,0.7246376811594101,1.6176470588236214,0.6818181818181236,1.2121212121211087,0.40983606557373553,2.463768115942169,0.7857142857143304,0.8088235294118107,0.5223880597015222,0.8870967741934728,1.8461538461536886,2.132352941176592,1.8382352941174902,1.5625000000000888,1.8749999999998401,,0.5384615384615691,2.1641791044777348,0.6060606060606405,1.9402985074627968,0.9558823529412308,0.8208955223881064,1.5625000000000888,1.8382352941177516
46,1.8548387096772614,2.3437499999998,0.8088235294118107,1.0447761194030445,0.5303030303030605,2.2058823529409883,0.6617647058823906,1.3970588235294912,0.2898550724637846,0.44117647058826037,1.5909090909089552,0.7352941176471006,2.2307692307690403,0.4032258064516358,0.36231884057973074,0.6153846153846066,0.9701492537313984,1.825396825396929,1.1718750000000666,,1.2096774193547357,1.0000000000000568,1.9852941176471717,1.060606060606121,1.0869565217391923,2.238805970149222,2.500000000000142,2.132352941176592
49,0.8593749999999267,2.3387096774194878,1.1465992647059475,1.8115942028986538,0.4477611940298762,1.250000000000071,2.3134328358210268,2.500000000000142,0.2238805970149381,1.3235294117647811,1.8461538461536886,0.5970149253731682,0.3676470588235503,0.3076923076923252,2.0289855072464924,2.313432835820698,1.1594202898551385,0.8064516129032716,1.0655737704917125,1.1718750000000666,,0.22058823529413019,0.4477611940298762,0.7462686567164603,1.1538461538460554,2.272727272727079,0.31746031746031295,2.426470588235432
51,1.5873015873016774,1.4925373134329205,1.4843750000000844,1.6254940711463375,1.9117647058824616,1.6666666666667613,0.31250000000001776,0.5797101449275692,2.3134328358210268,1.0769230769231382,1.3432835820896285,0.44117647058826037,2.230769230769358,1.4843750000000844,1.4925373134329205,0.2238805970149381,1.1538461538462195,0.5468750000000311,1.904761904762013,0.70312500000004,,0.7462686567164603,2.388059701492673,0.3676470588235503,1.4179104477612745,1.0294117647059409,1.1194029850746905,2.0588235294118817
54,0.3846153846154065,0.3676470588235503,1.1538461538462195,1.4393939393940212,0.9848484848485408,1.4179104477612745,0.6617647058823906,1.8382352941177516,2.3134328358210268,1.8656716417911507,2.3134328358210268,1.9852941176471717,0.2985074626865841,0.70312500000004,2.352941176470722,1.1538461538462195,0.2898550724637846,2.500000000000142,0.5468750000000311,2.3913043478262233,,0.22727272727274017,1.4705882352942012,1.6666666666667613,1.9589552238807082,2.3437500000001332,0.46153846153848777,0.4347826086956769
56,1.0655737704918637,0.22727272727274017,1.3970588235294912,1.7164179104478587,1.307692307692382,2.462686567164319,1.0447761194030445,0.5645161290322901,1.904761904762013,2.307692307692439,2.4615384615386016,1.8181818181819214,0.8333333333333807,1.4843750000000844,1.0869565217391923,2.500000000000142,1.4705882352942012,1.3709677419355617,1.4024697580645957,2.500000000000142,,1.0869565217391923,0.5797101449275692,0.3787878787879003,2.500000000000142,1.6417910447762127,0.5555555555555871,0.4347826086956769
59,1.349206349206426,1.8382352941177516,1.7647058823530415,0.45454545454548034,2.238805970149381,1.7910447761195047,1.5441176470589113,1.7187500000000977,2.500000000000142,1.1940298507463365,2.089552238806089,0.30303030303032025,2.463768115942169,1.048387096774253,2.089552238806089,0.6617647058823906,1.2686567164179825,1.3709677419355617,2.2580645161291604,0.6716417910448143,,1.2878787878788611,1.449275362318923,0.8208955223881064,1.8750000000001066,1.1940298507463365,0.7377049180328288,1.0507246376812192
62,1.0317460317460903,2.0149253731344428,1.8939393939395015,2.089552238806089,0.9090909090909607,1.102941176470651,1.7164179104478587,1.5573770491804164,1.5873015873016774,1.5671641791045667,1.3059701492538056,1.6911764705883314,0.8823529411765207,0.7142857142857548,1.1363636363637009,2.1969696969698216,1.6417910447762127,2.4615384615386016,1.4393939393940212,2.10937500000012,,0.7246376811594615,1.3235294117647811,0.8461538461538943,0.24590163934427628,1.1194029850746905,2.4603174603176,1.6666666666667613
64,1.2903225806452345,1.102941176470651,0.6716417910448143,2.1641791044777348,2.279411764706012,1.212121212121281,1.1940298507463365,1.048387096774253,0.32258064516130863,0.2238805970149381,0.5223880597015222,1.5151515151516013,1.8939393939395015,1.5625000000000888,0.6716417910448143,2.388059701492673,0.2985074626865841,1.0317460317460903,0.9558823529412308,2.4590163934427625,,0.4838709677419629,0.23809523809525163,1.0279156327544008,0.7088883196721714,2.1641791044777348,1.6666666666667616,1.846153846153951
67,0.7142857142857548,1.474547511312301,1.1940298507463365,2.205882352941302,0.5882352941176805,2.462686567164319,1.9402985074627968,,0.32258064516130863,1.5671641791045667,2.121212121212242,0.21739130434783846,2.318840579710277,0.3174603174603355,0.31250000000001776,0.5882352941176805,1.3811377893143768,2.0634920634921805,1.250000000000071,0.7936507936508387,,1.250000000000071,1.4179104477612745,1.2096774193549074,1.1718750000000666,1.1594202898551385,1.9354838709678517,0.7575757575758006
70,1.0000000000000568,1.846153846153951,0.8695652173913538,2.1641791044777348,1.3432835820896285,1.6417910447762127,1.8939393939395015,,0.24193548387098146,2.2857142857144157,1.4705882352942012,1.8656716417911507,0.46153846153848777,1.7187500000000977,1.8939393939395015,1.2307692307693008,2.463768115942169,1.904761904762013,1.1940298507463365,1.150793650793716,,1.3970588235294912,2.1969696969698216,1.7741935483871976,0.4838709677419629,0.5147058823529704,0.46153846153848777,1.2878787878788611
72,1.9841269841270968,1.4179104477612745,2.352941176470722,1.1940298507463365,2.0714285714286893,0.4477611940298762,1.6417910447762127,,0.9523809523810065,0.2985074626865841,1.5441176470589113,1.1940298507463365,2.279411764706012,2.1428571428572645,2.0454545454546618,2.352941176470722,0.8730158730159225,1.5873015873016774,0.9701492537313984,1.5079365079365936,0.46875000000002665,0.2238805970149381,1.1363636363637009,2.4603174603176,0.5303030303030605,1.3235294117647811,1.0937500000000622,0.45454545454548034
75,1.6911764705883314,1.7424242424243415,1.449275362318923,2.1538461538462763,2.205882352941302,1.6417910447762127,1.1363636363637009,,0.4838709677419629,0.4104477611940532,1.2318840579710846,0.22727272727274017,0.6617647058823906,2.3387096774194878,1.250000000000071,2.049180327868969,0.9203789042499242,2.1428571428572645,2.238805970149381,1.8650793650794708,0.24193548387098146,0.22058823529413019,2.0149253731344428,0.24193548387098146,1.8840579710146,0.9701492537313984,0.8593750000000488,1.0317460317460903
78,1.1190257352941813,1.6666666666667616,0.9701492537313984,1.1363636363637009,1.3432835820896285,1.2620719929763666,2.463768115942169,,1.5873015873016774,0.5223880597015222,1.4925373134329205,1.3432835820896285,1.8656716417911507,1.3709677419355617,1.1538461538462195,1.5441176470589113,0.9677419354839258,1.250000000000071,1.1194029850746905,2.2222222222223484,0.6250000000000355,0.9420289855073,2.424242424242562,0.23076923076924388,1.9354838709678517,0.2985074626865841,1.250000000000071,1.953125000000111
80,0.5468750000000311,1.5671641791045667,2.500000000000142,0.7971014492754077,2.1641791044777348,0.8823529411765207,1.0447761194030445,,0.24193548387098146,0.5797101449275692,0.3846153846154065,1.6044776119403896,2.2727272727274017,0.8730158730159225,1.953125000000111,2.500000000000142,1.904761904762013,1.4516129032258889,0.8823529411765207,2.265625000000129,0.3906250000000222,2.0588235294118817,2.3134328358210268,1.9354838709678517,1.9696969696970816,2.3387096774194878,2.4603174603176,2.500000000000142
83,0.24193548387098146,1.176470588235361,1.2307692307693008,1.5441176470589113,0.8823529411765207,1.956521739130546,1.7424242424243415,,1.4285714285715096,0.8208955223881064,1.2068004459309494,1.8656716417911507,0.44117647058826037,0.6250000000000355,2.108534946236679,1.4615384615385447,1.4843750000000844,1.2000000000000681,1.9852941176471717,2.3437500000001332,0.5645161290322901,1.2318840579710846,1.6176470588236214,2.500000000000142,1.2878787878788611,2.205882352941302,0.46875000000002665,1.1940298507463365
86,0.9523809523810065,0.22058823529413019,2.205882352941302,2.3846153846155205,0.9090909090909607,0.9701492537313984,0.6060606060606405,,0.4032258064516358,1.6666666666667613,2.0289855072464924,0.36231884057973074,1.4393939393940212,1.190476190476258,2.263944892473247,0.8333333333333807,2.0634920634921805,1.532258064516216,0.5223880597015222,0.3846153846154065,0.49180327868855256,0.7462686567164603,1.8939393939395015,2.279411764706012,0.22727272727274017,1.6923076923077887,2.016129032258179,1.7910447761195047
88,1.3432835820896285,0.5147058823529704,1.0769230769231382,0.7575757575758006,1.1194029850746905,1.9852941176471717,1.8115942028986538,,1.8548387096775247,0.22727272727274017,0.8955223880597524,2.0588235294118817,2.279411764706012,2.0312500000001155,2.4193548387098147,0.9848484848485408,0.39682539682541934,1.0937500000000622,1.6176470588236214,2.4603174603176,,2.0454545454546618,1.5151515151516013,2.426470588235432,1.6666666666667616,0.8461538461538943,1.4285714285715096,0.4477611940298762
91,2.4603174603176,1.4705882352942012,1.8382352941177516,0.5970149253731682,0.5384615384615691,1.444302358624657,2.500000000000142,,0.5555555555555871,1.5441176470589113,0.7575757575758006,2.1861281826164545,1.9117647058824616,0.23809523809525163,2.265625000000129,1.537200361827315,1.0968501984127608,2.1774193548388334,0.9999999999997726,0.3174603174603355,,1.4705882352942012,1.0294117647059409,1.3432835820896285,2.279411764706012,0.9701492537313984,0.5223880597015222,1.3432835820896285
94,1.0317460317460903,0.5797101449275692,2.0588235294118817,0.6521739130435154,1.8656716417911507,0.9033105996021424,2.0000000000001137,,0.8730158730159225,1.159420289854809,2.352941176470722,2.3134328358210268,0.5223880597015222,0.4032258064516358,2.0634920634921805,2.089552238806089,1.7968750000001021,1.0156250000000577,0.634920634920671,1.7968750000001021,,0.3676470588235503,2.238805970149381,1.2686567164179825,0.5970149253731682,2.462686567164319,2.500000000000142,0.8333333333333807
96,1.3492063492060424,0.29411764705875665,2.3134328358203695,0.984848484848261,2.4999999999994316,0.3623188405796278,0.4545454545453512,,1.4843749999996625,0.5970149253729986,2.0588235294112964,2.0149253731338703,1.5714285714282141,0.7936507936506132,,0.7352941176468917,2.377049180327328,0.8064516129030425,2.279411764705364,0.5645161290321297,,1.4925373134324964,0.9701492537311227,1.4492753623185113,0.7575757575755854,0.9090909090907024,0.3906250000000222,2.500000000000142
