Time,20.0,20.0.1,10.0.1,10.0,10.0.2,10.0.3,5.0.2,5.0.1,5.0,2.5.3,2.5.1,2.5.2,2.5,1.25.2,1.25,1.25.1,1.25.3,0.625,0.313,0.313.1,0.313.2,0.313.3,0.156.2,0.156.1,0.156
0,21.62676,25.93944,22.85352,10.31806,6.438356,21.03611,19.02817,9.523288,1.814706,11.56301,14.60429,,6.327778,8.622973,9.901389,8.985075,10.19855,13.99859,31.79296,15.53889,,4.7875,21.35139,12.1125,72.16143
3,32.30296,30.61833,97.57042,7.417568,3.890278,19.80822,12.884,7.465714,1.227397,13.14384,12.77222,10.61607,5.444444,7.773611,8.615278,7.45,10.06324,13.04306,28.74308,16.5375,14.075,3.99863,28.17851,12.96752,8.568056
15,42.97917,35.29722,11.06712,10.88904,6.6,16.77794,12.05417,7.715068,2.1,18.54493,10.46944,10.0898,4.227143,2.461972,7.07973,33.15,70.48986,13.64348,17.72879,16.20685,13.2246,3.6125,35.00563,13.82254,7.753731
17,46.70274,40.60685,9.569014,14.06197,9.180556,15.10139,15.37361,6.831081,2.49863,17.34795,11.12703,9.814085,4.450685,3.433333,7.88,58.85,9.253731,17.08235,17.36338,17.31918,12.37419,6.136986,39.96528,16.36649,67.75571
20,48.39859,42.33571,9.469444,15.29452,12.68767,13.71029,18.84521,7.526027,3.524658,19.66806,12.56986,11.73239,4.851389,3.266667,8.468056,4.785185,8.880882,19.4087,16.85833,19.09054,13.30139,4.8,41.95358,18.91045,9.301471
23,48.78857,43.91216,11.22917,15.45694,16.44444,14.94789,21.94459,8.406849,4.294595,22.19452,14.64861,13.14459,4.667568,4.097222,9.677465,6.365,9.833333,23.75882,16.57639,20.43973,14.24366,3.591667,43.94189,18.10588,10.21493
25,57.0,45.66528,12.51892,20.62432,19.50676,14.52329,23.05132,9.98,5.466216,23.92319,18.59459,15.43478,9.96338,6.894521,10.69726,7.681132,8.636765,24.475,84.38592,22.29167,15.96575,3.162162,44.69861,18.63043,13.03529
28,65.20556,46.26338,14.16027,23.22703,22.98333,15.84521,26.15493,10.96486,64.48194,27.59104,22.65676,19.04795,7.760274,15.88219,11.66761,10.62308,8.955072,27.88088,50.62074,22.11667,17.52877,3.136486,43.94638,20.15857,12.29859
30,70.82222,47.9,22.43611,103.5055,25.84795,16.76806,26.87887,14.42778,67.66027,30.29706,24.84247,91.15493,14.88649,25.79859,12.44861,13.13521,9.778261,29.07536,16.85556,23.19571,19.38378,1.749296,43.37808,21.12576,12.24706
33,71.62603,48.40411,31.72703,24.80143,27.78841,18.65479,28.71892,16.61486,9.434722,30.76765,26.6,22.15263,15.60694,33.14247,12.60694,14.17246,9.735294,31.29014,17.12192,23.85479,20.72778,2.242254,43.58451,21.56087,15.10882
35,72.60145,46.16986,34.54225,26.36667,30.54444,22.81111,29.97703,20.02817,13.00139,31.88696,28.70845,24.1407,19.16712,37.00986,13.92609,15.50282,9.588406,30.74853,18.23014,25.3493,22.0726,2.322222,43.53472,23.21642,11.52206
38,72.46301,46.1726,37.46622,29.99861,32.63889,26.75417,113.6233,22.64658,15.06622,32.62464,30.39028,26.12877,21.475,37.79306,15.0274,16.27838,9.736765,31.27647,19.46216,26.06667,23.28904,3.504054,42.63425,23.34853,10.50548
41,73.58806,48.31081,40.24247,32.87778,35.57297,32.43378,32.57808,24.46389,15.93014,33.27761,32.0125,27.42329,22.79167,38.38968,15.32222,15.85,10.33235,31.91493,20.97703,26.66216,23.99859,6.046479,42.52329,21.39,10.82917
43,72.5125,52.25278,42.67222,34.75479,38.0027,38.24384,33.38514,26.96212,17.35634,34.43881,32.91233,29.89722,24.476,38.9863,16.15857,16.34521,11.07536,31.07536,23.19167,26.89155,25.4875,16.03562,42.33014,20.8087,10.79722
46,73.70746,56.74638,44.64722,37.42329,41.54225,42.66575,34.33699,28.91757,19.21233,36.85224,34.5726,31.21286,25.71268,40.22222,16.86216,17.51,11.60294,31.56522,25.37,27.2589,26.68169,28.48514,41.68562,21.53768,10.58194
49,73.03623,61.82537,46.33514,40.44643,43.40972,47.11233,35.22329,30.05139,22.36806,38.36,35.98056,31.7863,27.52429,41.24595,17.8027,19.05139,8.683582,35.09394,29.18767,27.46806,27.09861,35.48429,41.0411,22.89853,9.739437
51,74.26618,64.08889,45.72179,43.46957,44.51781,49.39437,36.35143,30.93472,25.10725,38.34493,37.29589,32.75857,28.47083,47.16571,18.75,20.25139,8.805797,34.96618,36.39583,28.3125,28.34932,38.24167,40.4,21.82639,10.49452
54,74.69571,66.7,45.10845,45.87286,46.03944,48.15417,37.70833,34.00417,27.54247,39.51014,37.9411,32.85139,30.04167,51.49189,19.13014,21.46714,8.483582,37.11304,45.49014,28.42877,29.93239,38.57373,39.97973,25.09714,10.54493
56,74.64091,69.26479,44.02222,46.85616,45.78286,44.85,39.27143,37.84853,31.39583,38.85797,39.66056,33.48873,30.94857,53.23836,22.52162,23.27391,7.797015,35.97219,49.75405,29.0527,29.68028,38.9058,36.58108,24.075,9.468056
59,74.3,69.85205,44.63944,47.46301,44.67639,41.92778,41.38194,40.73881,36.35068,40.5194,41.18028,33.61757,32.29444,54.46389,101.5625,24.36438,10.50448,34.83134,49.8662,29.06892,30.40278,41.31449,36.76941,25.7197,10.3625
62,75.84853,70.55278,46.88333,47.74085,47.00423,42.16027,42.25417,43.18382,39.025,42.07941,41.47397,34.44521,34.04722,56.65278,26.70845,25.88873,9.921429,34.15352,50.50405,29.02466,31.02429,39.16515,36.95775,26.39118,9.395833
64,74.74776,69.99178,52.50972,48.72083,49.78904,47.5338,44.51528,47.19701,42.67222,42.61014,43.27183,35.16056,35.8,57.29722,27.74306,27.73194,14.53235,33.44658,50.12388,29.77941,31.50617,38.7833,36.48,102.8508,9.416667
67,73.73529,71.3266,56.35205,50.92917,53.11096,52.20694,44.79583,49.15672,44.30139,41.59559,44.32973,35.89189,37.35634,57.95537,107.4797,28.74247,20.40441,33.82877,51.20411,29.83056,31.98806,38.40145,37.95915,25.99403,9.077027
70,74.39,72.66143,58.43194,52.27162,56.16667,58.18333,45.76533,48.85522,45.67183,43.81304,45.70833,36.86571,38.7726,58.61351,27.97887,29.43286,17.675,33.97778,51.23699,29.33662,32.38657,36.74776,38.9831,28.07571,8.619178
72,72.89118,71.86944,58.82917,54.34247,60.00533,59.86806,46.21389,48.38971,47.25556,44.92794,47.14861,38.59863,40.26301,59.89265,28.88169,30.38493,15.22059,33.88611,50.325,29.33803,31.09412,29.50282,40.89437,28.13333,7.869863
75,73.99178,72.0507,61.31286,58.61622,63.55479,61.30139,46.34653,50.62836,47.94507,46.04478,48.77606,40.48082,42.49595,60.61423,29.35205,31.20606,18.14559,34.45139,49.52192,29.36528,29.6209,26.99324,39.36176,29.15797,8.338889
78,73.90169,73.35946,62.18732,61.22917,66.12917,63.04316,46.47917,50.35735,48.84865,47.46716,50.06944,44.74306,44.06111,61.33582,31.23571,32.28082,87.43115,34.79028,43.48378,29.74366,29.34143,25.15224,39.18261,28.8087,8.733333
80,73.81159,72.26111,63.09459,63.2726,66.87083,64.78493,47.27973,50.14179,50.05833,47.925,51.60278,49.40563,45.95857,62.32941,34.31304,33.23273,24.2194,34.38493,37.41507,30.13333,26.7194,22.98028,38.43699,29.58235,8.714925
83,74.93284,72.12329,63.85753,65.77286,67.32055,65.93649,50.55972,52.94559,50.60986,49.97391,53.13611,50.54247,48.00902,63.0913,34.94452,34.22429,96.84182,33.21644,31.72162,29.59178,25.78767,21.57183,41.07361,30.97246,9.147945
86,75.60441,73.20548,64.65143,67.65479,69.05634,66.75833,52.15493,56.2,52.06761,50.06324,54.35405,50.88028,50.05946,63.65147,35.57599,35.31549,28.88657,34.03333,28.13611,29.78169,24.69589,19.64789,41.44861,32.44179,8.028571
88,75.37639,72.95205,65.57465,68.85,70.68333,68.29315,55.97887,61.16119,53.64865,50.28406,55.25616,51.98082,52.37778,64.60882,36.20746,36.4493,32.82319,33.16164,24.86479,30.04085,24.99178,14.76216,41.34028,32.61765,9.264286
91,74.66029,73.20822,66.86389,69.55616,70.46571,68.84453,57.88904,63.73235,56.00959,52.56324,56.01142,52.57671,53.71268,64.94644,39.41014,37.59131,34.98209,114.086,23.04247,30.43836,24.66667,14.71918,41.75139,33.45833,9.631944
94,75.525,73.68919,66.24865,70.36164,71.05139,69.39592,60.84189,69.11176,58.14,53.67612,56.76667,52.83333,55.10548,65.28406,43.42647,38.73333,43.40435,32.93235,21.62055,30.11944,24.04028,14.15139,42.82535,34.96232,8.323611
96,74.62647,74.59315,67.86197,70.77083,71.77887,69.9473,62.45694,67.10145,60.16197,53.25294,58.15278,53.36933,56.29863,67.71061,,39.39315,41.67015,31.72877,20.64167,29.83056,23.44459,12.00563,41.52466,37.76667,8.569014
