,9.6,9.6,9.6,9.6,4.8,4.8,4.8,4.8,2.4,2.4,2.4,1.2,1.2,1.2,1.2,0.6,0.6,0.6,0.6,0.3,0.3,0.3,0.3,0.15,0.15,0.15,0.15,0.075,0.075,0.075,0.075
0,2.7392455811185714,,6.906605756486426,,1.2513355184402564,1.8494683920882058,4.533416072195877,2.1920301537216504,3.2671745015753735,1.2963565616200674,3.7165599096217097,1.4871033615437643,2.246413901424313,1.0024858033933366,2.353171428505862,0.7962783642982381,1.247407530077496,3.290333693770939,2.6048214079672385,0.8187018549342168,2.669373240800953,1.2338853909863738,3.677939928035394,1.4905625034115735,1.5570152718681995,1.9524275513335236,1.0206576053833523,2.064825300389057,1.5866909050501972,3.2587136134392685,5.91900490349679
4,2.419297984675337,12.119208612417909,4.895742970452654,4.585795145913187,2.4956522727671695,2.012600148101163,5.57905275787509,2.2368738352588027,7.915744172566169,1.4466436250085153,4.334700584355306,1.9733390234342527,2.265417375012007,1.3253887169964713,3.8746564664392196,1.6517072443158787,1.0600788288083445,2.579096540456055,1.260722655223668,0.9514265571233496,2.5865599711325244,1.4729344074483963,4.200068505104451,1.8107264945829515,1.239476248204464,2.0036976772573842,1.154140982665244,1.477058195617901,1.2566435347368525,2.6873246091581886,6.5227972571567046
6,1.9887367532868379,9.823351977494694,3.741967242050591,3.9397821386212195,2.074254368953513,1.9768061506069898,6.756695213041026,2.096756190764632,5.414995676417302,3.3301803105689185,3.218275294870424,2.888003976984912,1.8472254227111145,1.5675978652998495,3.0872447092260806,5.242471157413948,2.0162175431054883,2.563301479682667,1.493443547869462,1.0184111838651484,2.675624259863238,1.2773574223568764,4.228403660428833,1.989342777071032,1.5628471544172755,1.8613177824995637,1.5359438891681318,1.8654704176897725,1.5433647935095414,3.397960874909668,7.251224725317117
9,2.266487577407227,8.987508039989887,3.6194684397742627,3.8185814597670147,1.9437338340565082,1.6445803647383523,4.681288289849044,1.9907677510021635,6.788109244110204,2.1510397093001132,3.7951246375439047,2.9602934210156215,2.2097181688995797,3.0492468465161227,3.080605648629822,7.300636121919726,0.9741988040873525,2.8661861124236556,1.549351782415486,0.9075515959968218,3.5599075338973893,1.4567895920457963,4.100319052234123,2.581447895936817,1.4539140476103327,1.5177812805702449,1.099945305092368,1.6518134268694595,1.5721391864658871,3.3967720748615515,6.513558207665721
12,2.332362106360624,8.686851780817522,3.5983582114878194,3.952921058948504,1.5623043976946043,1.5502530208952963,4.47291714525667,1.9199881880661522,8.377632233830681,1.5187997691118296,3.9740162020408953,1.3880707628416988,3.9951527924318455,1.5179675069357301,3.179852464772944,5.829818749752044,1.1272483030290563,2.761999556935413,1.6331219322807469,1.7538835937585728,3.1394328807581453,1.236805220277765,3.7863516233982883,2.5452742194819025,1.4008800051154966,1.4148414090747243,1.1576950784800124,1.8167447327844812,1.4005056737370138,3.802155885369008,7.5638241972985165
14,1.8429669590482765,7.626108014194415,8.604899821483478,3.906613405943224,1.8466917095904964,1.8362844657812163,3.186836202048535,2.269148185011357,9.03407496844904,1.7306271534668927,3.685050210704526,3.3435322192034485,1.9780117394495678,1.2981780934265774,3.5394476524691645,11.591284028287403,1.090026740626845,2.987827080669814,1.8113325352678673,1.0317357660853805,4.1244886343064024,1.636664899700522,3.4669564276567204,2.4943757542828706,1.6981557280509725,1.4569560901116072,1.3014232345059866,1.8585951552970754,1.4981985792229289,3.172423882763062,6.198004887555358
17,2.471584600652922,8.899613280930614,4.134249685294546,4.0478424541725415,2.0573677669112804,1.942737128246453,2.895986711314844,2.082365985462806,11.25222247631269,1.2606870067503921,3.974831793256048,1.6544989630923521,1.9256277268023603,1.3016272958027666,3.0806790560531194,6.050441142247673,1.2921228388763253,2.581394504044874,1.518619847258379,0.909034479709217,3.1853750512234322,1.4493941316918546,3.683860909704116,2.0084185094976728,1.4859975560820708,1.2493605670438053,1.2394910359373374,1.526093439870119,1.2267753608567395,3.362668022847938,8.287230185244193
19,2.510902407108112,8.52888827508405,4.818437964322803,4.283207457493254,2.079444006230098,2.0678244333898235,3.2085550072332567,1.952393155643922,11.296760922124019,1.4448975303596574,3.498381665239003,2.3738143243525376,1.700403972057445,1.7420836384480953,4.1157982696458095,7.524893676638926,2.604191502228991,1.9956840798902888,1.339000513229634,0.8673074554171791,2.9502231425034893,1.4992897379458914,4.453240053441094,2.052158532451513,1.536489208148886,1.7993312070857863,2.9777076682821773,2.1724203547815284,1.5931849245951903,3.661151138076446,7.879580428156386
22,2.566559582547583,10.270235812033107,4.143137957213732,4.466724680415099,1.8970938774791037,2.2598086555762533,7.702042720154577,2.3337998246682643,15.028329817893423,1.53170129221549,4.255156843325029,1.7706770850703168,2.104096533484674,1.4848537690200023,7.715353286954877,7.854119281123115,1.1926957444516175,5.561164925803942,3.0679270786838737,0.8247302399579486,3.0019957846439067,1.5609862530438188,4.358807019813578,1.6749918165510775,1.6976734286730577,1.763625138932003,2.7157080605746766,2.0608365253387935,1.757877464764348,3.9518866145009546,8.471454175678783
24,2.4197390326854196,9.143061721313682,4.270406923394455,5.159162798779829,1.8923602238624895,2.1059231897137476,3.669044259870107,2.2145127909787403,,1.3887663568475874,3.592370567465982,1.7262313878451656,1.568645738294396,3.533673628827157,4.781150827944742,8.183344885607305,1.152905568064762,2.3910928384210117,1.5837615443609305,1.1435733858637929,2.9582987831084346,1.5065395246795263,3.9962686123748457,3.0453285332111966,1.4479357709753942,2.025440365895547,1.4341506987003658,1.6756288717008074,1.777455854604691,3.64879968351714,9.063327923201182
27,2.304664880864418,7.964235657294213,4.574205356803114,4.706853389718979,1.9185904579951119,2.4420606085127066,4.634170901825073,1.9966877061880806,,1.3798498327366528,3.579080276795093,1.8514051019526947,1.927134611042177,1.6118774251677053,4.95052342458336,8.512570490091493,1.1131153916779064,2.7953008718215395,1.3555766404630223,1.0407325902095717,3.0730886202953434,1.7136545432448527,4.169959142460136,3.1663620377388124,1.77559836380572,1.725111804134492,1.1520133259630059,1.819926012874197,1.4468674002359079,3.589481085226592,9.266791629791534
30,2.459245275271188,9.49417261932235,3.940771718631642,5.736284253156982,1.937400610808349,2.0826035251392363,3.504081847376605,2.2734353677606682,,1.4495813703144993,3.3669378367101457,1.9714157889927235,2.0075911870769967,1.4445180580703465,4.881525186869635,8.841796094575683,1.020857445433249,1.8559183788408722,1.510648173127481,1.035171916139758,2.7869589067956038,2.4872818122946017,5.128293821099563,3.04632077054437,1.640576614673913,1.6013045403749864,1.401389558282752,1.6721712750826596,1.5368160764932273,3.5301624869360437,11.018381090038538
32,2.5294013575081724,7.951442576362058,4.618727861524592,6.329520264223414,2.3535302970930796,2.2808119003641334,5.29013089719496,2.2402253846784523,,1.2794833432174006,3.62246295380124,2.224736449373404,2.1718935140805127,3.1258209384472773,4.531696177727422,1.1183963976529543,1.1251230272659156,2.4960791171163046,1.3353857442971253,0.9512681767097716,3.450903127351766,1.2634232981115368,4.531177722622975,3.9709473095486008,1.473656290147614,1.6128031318674139,1.2276525504833398,1.8848170232857104,1.67577987932705,2.79101556504486,11.458111375049334
35,3.2148887839947276,9.361813984298372,3.876183646190417,8.362345050868237,2.3450272862796138,2.822984632622864,7.597109891098191,2.754110799150219,,1.43256270909617,3.833789523127685,1.9669088535528696,2.326926952247511,1.6075471210757317,4.867484116894736,2.3442211728319764,0.9938337282725188,2.70568722305125,1.5724645488638176,1.1796198987767468,3.4648250204534494,1.6183188629697218,4.407431432581462,1.5006467403321164,1.3696570684419587,1.9456820899088771,1.3292300417581462,1.8409265749861148,1.4225437332210382,3.6947026219695593,10.499960012914563
38,3.7825850845358038,7.485387583851447,5.3171866734282345,7.059286749506972,2.205261281834144,2.633482530557786,6.4256001383923955,2.0017421989321997,,1.6422190967236483,6.571376096542986,2.1884999345374263,2.4471319393057294,1.3902177813033665,3.727426468025112,6.607443025578039,1.1782804202983463,2.3822106584605933,1.59496945594339,0.9881123710584039,3.7815950259635747,1.7245783771779504,3.86343033036464,1.4235863772585007,1.6445669510910783,1.7034457870643478,1.49423758015449,2.313229982245384,1.9931847350729572,2.9898388293127716,15.772875161782759
40,3.1549189392936094,8.943465754960151,5.280323681538678,7.279926329691043,3.0719669184206975,2.4439804284927087,7.33973096037423,2.040700403713191,,2.9843839035389217,3.6303580012895953,2.1245860909454017,2.143109556054983,1.6191177977726583,4.748424950269368,1.2219461042722104,1.3151630047532272,3.3711243345921367,1.6473582905010336,0.9631684415882452,4.630514657786525,1.839447049798024,3.319429228147817,1.5309170336782656,2.171485684065981,1.8253228900575473,1.3038134749513786,2.0456937731974034,1.7739178978322243,3.5527357794910968,19.962102948705013
43,3.1753596397794897,9.191907742435138,5.111224851490706,9.92506478064729,2.380750895020142,2.180898987972209,8.791308356308189,2.3910222668219103,,1.815567720896927,3.932767779070114,2.3065882921643275,2.298122774449836,1.8062830483355108,5.911815403766363,3.248649663734328,1.182337673606497,2.7310513639460194,1.9142502299814619,2.1744801159664897,2.330993224306906,1.6171448139019433,4.3577815476513155,4.591397515180973,1.6858916499327135,1.9096018296076256,1.3813974081240499,2.752047469089411,1.9049185779797504,5.103627409055771,19.88285226586153
45,2.774160506254039,9.686364132300607,6.278937236260719,11.83716077920825,2.4093886458596674,2.697391490377177,13.705410067884403,2.187090252992235,,1.5890310946673825,3.6395595697683785,1.7799995478488337,2.515385754304446,1.6831583898694424,5.4755294082182955,,1.6597210229053176,3.061262844553352,3.444618701792764,0.9503063673262543,4.115965470304465,2.0266427008235035,4.442296991145994,6.524136822739553,1.7338569090059504,2.2619830689964413,1.353235930985228,2.5336824157441145,2.172400175502323,4.986215440193823,19.803601583018043
48,2.776591004864278,8.996925685019088,5.613401939102817,13.74925677776921,2.3586057977076655,2.628598859367918,18.619511779460616,2.400641651853643,,1.8128032733207864,3.501381578568056,2.5532202663007353,2.7364032621854606,1.7466438790384973,5.270352503938567,,1.6496228986536763,2.875631755087494,1.9191762504882623,1.0379344136709674,3.164978237791913,1.615621278541887,4.431750269110523,7.926093718648677,1.8678003820827334,1.9433204889291178,1.7289721475931608,2.3761728016073644,2.3827704734984336,5.434750542348465,19.197327856698298
51,2.637516185469753,11.123809935677658,6.832316658488634,15.661352776330169,2.6336331544247455,2.2402868816004857,14.165087255985998,2.1493479031412073,,1.3770397344343526,4.701075615250036,2.7467650627345535,2.2980085104805426,2.117111750041117,4.76532968309502,,1.8118448010116142,3.2910792204552024,1.7024956092509307,1.4323952599520715,4.002392264086123,1.4216296661466488,4.150815632922394,9.328050614557801,1.6782054904536383,1.9576958704217242,1.3845870782120564,1.9742816051286858,1.983757575321909,4.602173399601541,18.591054130378552
53,2.9483813542593826,10.612248647229748,6.5938878434509745,17.57344877489113,3.029403093849155,2.6474967355961727,7.652617552497591,2.281745801351189,,1.5785807099743028,4.168976942190102,2.54551947651571,2.450465447148405,2.1273348346473773,4.17534679836484,,3.924015723258289,2.8924083936729055,2.1896410556550463,1.0048947937088417,3.940220392743661,1.4831398495767159,3.8698809967342647,10.496818419451976,2.069409270388586,2.1061536046295304,1.3003321786119262,2.388750041457536,2.067645040178938,4.656464112753646,19.65921914849689
56,3.025670947853498,10.10068735878184,7.844746179816524,14.428779973074203,3.8112651454776043,5.004808898449042,,2.4141436995611705,,1.6770824767443064,4.661207377917105,2.898075780028609,2.387927844632663,2.734615886867156,4.397751640415974,,1.7368149918138875,3.391288630934314,1.963521457077262,1.7409097688166355,4.360566065187497,1.4754796838111983,4.070981457287106,8.773963976515361,1.8347731996254815,3.6321119810548756,1.3369159076561787,2.038482513759711,1.9380017883575387,5.181474854050879,20.72738416661523
59,2.8801231824638833,10.75855099152949,8.094622587716913,16.593732222683922,7.781137432550946,4.392752611996729,,2.0956915150965267,,1.8063445179432978,3.7507315734463105,2.373547392839328,2.73589411773789,2.8578169525308175,4.290466045982721,,5.696678462197603,2.5750131148902766,2.303977643240443,2.267333033931714,4.1609703603007,1.8376588656616606,4.5538811011238,7.051109533578748,2.0213294367088683,1.9461883307845356,1.244549761797029,2.3442163031818333,1.9597888790716014,5.706485595348111,16.61738672906328
61,3.282592955637786,9.925434273838937,6.916305934867188,14.958773805125665,16.458100205498976,1.8987086578526018,,2.356570659637731,13.119155080504951,1.630387574503422,4.284007410215509,1.8490190056500468,2.831670534428361,3.1051266098692514,4.093042127105232,,2.1570933568996304,2.8879136053862964,2.3698451921439676,1.2048876236780515,3.9762163312067007,1.5580266952458135,5.036780744960493,5.328255090642133,2.0841535991280873,1.9128576620842177,2.4381137755125346,2.5778999802230618,2.0166157207044657,6.231496336645344,17.050799814880303
64,2.5579390634360806,8.702322634066865,8.032147327682111,14.903717281935931,15.614879410882217,2.7518963988410503,,3.175162240129085,12.054555803833821,1.7892999435393504,4.220441028595947,1.8545616145989834,2.9541608300912903,4.3472943835157976,4.586684739203872,,2.618172617690637,3.3232417326583534,2.453184958040499,1.0582419250163326,3.591924682735925,1.5913498566302706,4.539543532839227,3.605400647705518,2.2692311909254865,2.001340596977602,1.4826880233999455,2.339810806854295,1.9607245189647131,6.756507077942577,
66,3.027749640297672,9.634275404751259,7.290906585643496,16.0909749767789,6.86087664249222,2.710164573676715,,2.5654184286739534,11.33875635009953,1.5462103294251974,4.236426706308986,1.5758744498500317,2.936019292277742,3.877573946444468,4.569500369404483,,2.62138204686315,3.1748730547032715,2.292138424286443,1.0821734513847525,3.584271556183174,1.6477043355726138,4.641600412621904,1.8825462047689037,1.9265963296064044,2.0155945156177557,1.5429197055116033,2.883966387657602,1.8745988916475465,5.502469714476921,
69,2.9870191002105813,8.984355047011778,7.2215677015590725,17.201824829515477,7.533017328258485,2.6684327485123798,,2.52326972202539,15.494091640893233,2.2636981715247964,4.544305899973281,1.6071180983383475,2.788125600864707,5.054143199072813,4.734889366858065,,3.371256176747109,3.713351102160253,2.141200557597542,1.1543167857058607,3.576618429630423,1.576914341979466,4.5841901857355385,2.314250859836401,1.9685536894598075,2.227814690516602,1.3644039627309728,2.9579215418589113,1.8940929301829448,5.1767287824083965,
72,3.1079104974975533,9.920282640763531,7.934736509693367,18.312674682252055,6.8801492574233984,3.2857733837354752,,2.405441389550004,9.106030902251351,3.9376125595824827,4.884044568601778,2.7255946246349,2.464188715865175,4.539361808294032,4.900278364311647,,2.8800350691023775,3.1403879191682997,2.0779409085451204,1.091449721870909,3.524059658813006,1.5506964194879702,4.60465034221748,6.274099629691988,2.32933937368693,1.9799918591065786,1.3487564033643873,2.5415676678077372,2.0306500018075004,4.273420499102369,
74,2.7223614570052077,10.601513550066274,7.565967422461744,19.423524534988633,6.227281186588312,2.4864499773427684,,2.1804591427738753,6.6982122220057505,3.3171854022598084,5.171355296343795,2.018023196869291,2.870551949216507,4.768920753801429,4.730981578992595,4.9286364664872995,3.2818414430361855,4.146334410186411,2.592131768419833,1.167111787232268,3.3845545178984913,1.6578488401117757,4.532268975147669,1.2636846055657984,2.0653331977325142,2.169315205936953,1.2605951596347351,2.9513411805616694,1.9632539818329922,5.059105202952934,
77,3.0419134570921282,8.782295897293682,8.336869767216466,15.477153288783283,5.5744131157532255,2.4719893225219884,,2.6926517841475395,8.02719907431522,1.775524875769102,4.68459372440469,1.5897417355139642,3.0053548323337145,3.61237349066024,4.3805407658449145,5.066423837364466,2.8422088959910567,3.6161958113629193,2.0687791284946226,2.258056774250418,2.7466306412176453,1.8669831220690685,5.229514899773832,1.0828537751357397,1.998302222742409,2.6559579582622046,1.2206904413678341,3.0594067331101455,2.058760718587915,4.328051168264288,
80,2.8305210324370487,10.773237538401515,6.74179174450317,11.344179197638317,,2.9012582009299916,,2.329725176973057,8.799333947513507,1.9905503548950745,4.619630012929021,2.177914107386912,3.117112877979225,5.801528320094739,4.29790360722905,3.6286891765635687,2.9810863709885624,3.61884062007293,2.232722963704761,1.0965365520654793,2.7388475950959488,1.6941850734388681,4.308209514892634,1.451988640016431,1.9225643087103124,1.9580232712571906,1.4158756348643209,4.873114512636908,2.1959847745264245,6.511679754266534,
82,3.160822533259024,7.4986894645197975,8.02753599716926,8.735946697747323,,2.7925516555398664,,2.2229693638898387,7.860397461473842,1.6288023324314167,4.312733814964208,1.6740041495266247,3.7475314046202355,5.402383590931371,4.150782008401623,2.1909545157626718,2.974300117206502,3.174979205876234,2.4493438187209358,1.169301427122753,3.174675318876198,1.6894148534935813,5.6048069407290555,1.4232356719321124,2.0839045742819104,4.47660006783557,1.5536785758698992,2.554639846708382,2.2593421814427024,9.33413489129003,
85,2.782581636426914,9.155684964227369,7.984042486035192,7.677565159883732,,2.764015757014209,,2.7485151320889125,8.803518133046367,1.904904714632988,4.914905474439656,2.114762923408253,3.5752597687330034,8.152490303314408,4.003660409574196,2.1313150664233262,2.852220602104138,3.3615212273535104,2.6659646737371103,3.8402735450617196,3.0385993478831432,1.4762593622796831,4.860217281983885,1.4837612138053462,1.8570052419065672,2.4136282268932825,1.632149354150526,2.8434970286801207,2.0722760498198096,8.322438122028641,
88,1.948152919765991,10.025833851407436,9.784515926613771,10.627947362126884,,3.5418534734510487,,2.6628029182962663,9.195576460716058,1.637081014053777,4.588050089993113,2.0157308913039316,2.752367632126366,15.564298338800844,4.264257220512807,1.9658451830452497,3.0877858769062376,3.4762349252507665,2.4196336691421427,1.0670251378282676,3.679181113806268,1.807833243141527,4.72804523716788,1.8622075344623785,1.8323548576420245,2.101809619737545,1.5617527132330251,2.7658870969008595,1.7542631265575275,,
90,2.7537904273713836,8.320494572953136,7.941550384301159,8.686389562779443,,3.260655758906599,,2.57709070450362,9.587634788385747,1.567328299007617,4.015490041427667,2.7405906550428814,3.6030355846744895,,3.426417479437234,1.981261493304539,3.209039157772765,3.6207008832330723,2.1992358404949965,2.2505846868764277,3.2041396764807857,1.8211482355822817,4.133970858757757,1.621810799776062,2.288146944222806,2.3323337899340717,1.4021648518456036,2.7140531511085504,1.4153189936835013,,
93,3.2119248539786285,8.841660877707469,7.190463548725398,7.264189512627153,12.675037055759498,2.803476700793781,,2.7482712152833364,10.927949138124935,1.852425494612348,4.574821948361843,2.7857787744689437,3.0583764756266785,,3.6476765299570535,1.772473656078315,3.3034004204606413,4.1275958116281775,2.1685744580181474,1.0600671934968886,3.8135063174423744,1.6428957076778508,5.328129384025809,2.006631888835298,2.107204789372196,2.3445214483808434,1.5268790214571302,2.81823788717922,2.071601671543141,,20.71362346658316
96,3.066671769744683,8.554166959939268,9.21451258147912,8.279438524604437,5.051195664370125,3.5659305545502153,,2.6500441831276498,10.64548193903337,1.7471111184678476,4.933717600257125,2.3620541585224073,4.269908182034632,,3.868935580476873,1.9568956638690285,3.225907449577473,4.0579368115133,,1.1714708651193337,4.147570391621182,1.5077217022981715,4.795660122866028,3.739313411407554,2.0424212678388,2.2899547992168188,1.4795310501390326,2.88779028809652,1.8570573420955494,,
