,8,8,8,8,4,2,2,2,1,1,1,0.5,0.5,0.5,0.5,0.25,0.25,0.25,0.125,0.125,0.125,0.125,0.062,0.062,0.062,0.062
0,2.2058823529411793,2.028985507246375,2.07142857142857,1.5909090909090895,0.8088235294117639,,1.4999999999999987,1.6071428571428557,,,1.249999999999999,,1.8656716417910428,2.2463768115942013,1.57142857142857,0.36231884057970987,1.6176470588235279,0.785714285714285,0.8333333333333326,2.4264705882352917,2.463768115942027,1.1029411764705872,2.1250000000000075,0.6756756756756721,0.5072463768115938,0.21739130434782594
4,0.2898550724637691,1.5625000000000056,1.6417910447761255,1.615384615384621,1.8421052631579014,1.8181818181818246,1.6195652173912913,0.7291666666666692,,1.7708333333333395,0.7352941176470615,2.500000000000009,0.4411764705882369,1.5441176470588291,2.1739130434782683,0.9420289855072497,0.8823529411764738,1.6666666666666725,1.2931034482758668,1.120689655172418,2.500000000000009,0.9848484848484883,2.4999999999999645,1.293720190778999,0.3333333333333286,0.7352941176470615
6,1.838235294117621,1.7187499999999756,2.246376811594171,1.9696969696969415,1.6911764705882115,1.4001623376623338,1.739130434782584,1.5217391304347612,0.6428571428571337,1.5671641791044553,1.231884057970997,2.3999999999999657,1.911764705882326,0.8955223880596888,0.49295774647886625,2.463768115941994,2.4603174603174254,1.71428571428569,2.2058823529411455,0.942028985507233,1.2686567164178923,0.9701492537313294,1.754385964912256,1.911764705882326,1.71428571428569,0.8208955223880481
9,0.28571428571428165,2.153846153846123,2.238805970149222,2.0588235294117356,1.0447761194029703,0.9821428571428431,1.5217391304347612,0.7857142857142745,0.8208955223880481,2.011652264990807,2.2794117647058503,1.4705882352940969,0.5147058823529339,0.36231884057970504,1.5441176470588016,2.4999999999999645,0.5384615384615308,1.2121212121211948,1.6666666666666432,0.9090909090908961,1.1029411764705728,1.7910447761193775,1.1538461538461375,1.7796610169491272,1.0294117647058678,1.6911764705882115
12,2.246376811594171,1.5384615384615166,2.391304347826053,0.7971014492753511,0.3676470588235242,0.6060606060605974,1.1363636363636203,0.8823529411764581,1.4925373134328146,2.4561403508771584,0.2985074626865629,1.6666666666666432,0.217391304347823,0.22058823529411453,0.8088235294117533,0.8208955223880481,2.153846153846123,0.955882352941163,2.0149253731342998,1.9402985074626589,0.955882352941163,1.5671641791044553,0.7462686567164073,2.2794117647058503,0.8955223880596888,0.9701492537313294
14,0.8823529411764581,1.984126984126956,0.955882352941163,0.7142857142857041,2.4242424242423897,0.6060606060605974,1.6911764705882115,0.6428571428571337,2.391304347826053,0.22058823529411453,2.0588235294117356,1.956521739130407,0.22058823529411453,1.4925373134328146,2.391304347826053,2.246376811594171,0.31746031746031295,0.2238805970149222,1.739130434782584,1.6417910447760962,0.5147058823529339,1.4393939393939188,2.1323529411764404,0.2941176470588194,1.7910447761193775,1.4393939393939188
17,1.2857142857142674,1.5305250305250087,2.2058823529411455,1.4705882352940969,1.838235294117621,1.985294117647031,2.142857142857112,0.579710144927528,0.955882352941163,1.014492753623174,0.8823529411764581,1.6666666666666432,0.955882352941163,2.352941176470555,0.2238805970149222,0.2941176470588194,1.5873015873015648,0.8208955223880481,1.838235294117621,0.8955223880596888,0.21428571428571125,0.45454545454544804,2.4999999999999645,0.38461538461537914,1.1940298507462517,0.507246376811587
19,0.8823529411764581,1.0769230769230616,2.318840579710112,1.0294117647058678,1.1029411764705728,2.238805970149222,1.5322580645161075,2.4626865671641442,1.811594202898525,1.3636363636363442,0.6617647058823436,2.352941176470555,0.8955223880596888,0.955882352941163,0.36231884057970504,0.4500891265597084,1.7968749999999745,1.571428571428549,2.463768115941994,1.7647058823529163,0.4480519480519417,1.0606060606060455,2.4999999999999645,1.2499999999999822,2.2794117647058503,1.9402985074626589
22,2.121212121212091,0.5468749999999922,1.4285714285714082,2.4637681159420817,1.4393939393939188,1.2499999999999822,2.0149253731342998,0.8088235294117533,1.9696969696968016,0.7971014492753511,0.44117647058822906,1.1764705882352775,2.0149253731342998,0.2941176470588194,2.1323529411764404,0.6060606060605974,2.063492063492034,0.8208955223880481,1.5441176470588016,1.6176470588235066,0.6818181818181721,2.2794117647058503,2.0149253731342998,1.7164179104477368,2.4626865671641442,0.9701492537313294
24,0.5882352941176805,1.3846153846154634,1.7391304347827077,2.3134328358210268,1.1940298507461669,0.2898550724637846,2.2058823529409883,1.3235294117647811,0.9558823529412308,0.8695652173913538,0.7352941176471006,0.36231884057973074,2.279411764705688,0.7352941176471006,2.500000000000142,2.462686567164319,2.0454545454546618,1.6923076923077887,1.3970588235294912,0.5882352941176805,1.3043478260870307,2.318840579710277,0.9558823529412308,1.7910447761192503,1.3043478260870307,0.3731343283582301
27,2.0588235294118817,1.5625000000000888,0.5970149253731682,2.2857142857144157,1.7647058823530415,1.7424242424243415,2.205882352941302,1.6176470588236214,0.7352941176471006,0.9558823529410949,1.5217391304348693,1.5151515151516013,1.2686567164179825,0.8695652173913538,2.388059701492673,2.500000000000142,0.31250000000001776,1.417910447761174,1.0294117647059409,0.869565217391292,1.250000000000071,1.9852941176471717,1.6176470588236214,2.0289855072464924,0.6153846153845629,0.29411764705884025
30,2.0955882352942368,0.22388059701490629,1.8939393939395015,2.3122119815667856,1.7647058823530415,1.3281250000000755,0.6716417910448143,0.36231884057973074,0.3676470588234981,2.348484848484982,1.7391304347827077,2.3529411764703876,2.1641791044777348,0.3676470588235503,1.1940298507462517,1.5714285714286609,0.7142857142857548,0.3731343283582301,1.3768115942029768,2.4626865671639693,1.7910447761195047,1.1940298507463365,0.7246376811594615,0.22058823529413019,1.7424242424243415,2.426470588235432
32,2.132352941176592,0.634920634920671,0.3676470588234981,2.3387096774191556,1.3846153846152665,1.250000000000071,0.36231884057973074,1.0869565217391923,1.0144927536232462,1.6176470588236214,0.9558823529410949,0.9701492537313294,1.449275362318923,1.2142857142857832,2.2463768115943306,0.37313432835817717,1.2307692307693008,2.426470588235432,1.6666666666667616,1.2318840579709096,1.0869565217391923,0.6521739130435154,1.3432835820896285,1.5217391304348693,2.1538461538462763,2.1014492753624383
35,1.4925373134328146,2.4603174603174254,0.37313432835820365,0.6617647058823906,1.9852941176471717,2.132352941176592,1.8840579710146,1.1594202898551385,0.5147058823529704,2.348484848484648,1.2686567164179825,0.5072463768116231,1.449275362318923,1.6911764705883314,2.3529411764703876,2.272727272727079,0.5797101449275692,0.9558823529410949,1.2878787878788611,2.2463768115943306,2.1969696969695094,0.5384615384614926,1.1764705882351938,0.8088235294118107,1.8656716417911507,1.4705882352942012
38,0.8461538461538342,1.6666666666667613,1.5441176470589113,1.7391304347827077,0.3676470588234981,1.086956521739115,2.045454545454371,1.4393939393940212,2.279411764706012,2.164179104477581,1.8571428571429627,0.29411764705879845,0.21739130434783846,1.102941176470651,1.7910447761192503,2.463768115942169,2.0161290322578926,2.318840579710277,0.9558823529412308,0.6428571428571794,1.1940298507462517,0.5147058823528973,1.7391304347827077,2.132352941176289,1.4705882352942012,2.205882352941302
40,1.4492753623187171,1.309523809523884,1.417910447761174,1.2878787878788611,0.22058823529413019,2.142857142857265,2.499999999999787,0.2238805970149381,1.7910447761193775,1.7647058823527906,0.8208955223881064,0.7971014492754077,0.2985074626865841,2.132352941176592,1.8382352941177516,0.8088235294118107,1.166794674859114,1.0294117647059409,0.7971014492754077,1.3235294117647811,2.246376811594171,1.9117647058824616,0.7575757575758006,2.142857142857265,1.8939393939392324,0.7246376811594615
43,2.462686567164319,0.9523809523810065,2.500000000000142,0.5223880597015222,1.102941176470651,1.5441176470589113,0.7971014492754077,1.7391304347827077,0.5882352941176805,0.5797101449275692,0.6521739130435154,0.8823529411765207,0.6617647058823906,0.9848484848485408,2.500000000000142,0.9558823529412308,0.3174603174603355,1.8840579710146,2.388059701492673,1.8115942028986538,0.8208955223881064,1.8115942028986538,0.4347826086956769,1.9696969696970816,0.7352941176471006,2.500000000000142
45,1.5942028985508154,1.6923076923077887,1.5760869565218287,1.7391304347827077,1.0447761194030445,0.6617647058823906,1.8750000000001066,1.8571428571429627,2.463768115942169,1.6666666666667613,1.5714285714286609,0.8088235294118107,1.3043478260870307,0.2898550724637846,2.462686567164319,1.307692307692382,1.5625000000000888,1.3571428571429343,0.7246376811594615,2.500000000000142,1.1940298507463365,1.6911764705883314,0.9558823529412308,0.5797101449275692,2.0714285714286893,1.3235294117647811
48,1.1194029850746905,0.6250000000000355,0.6521739130435154,2.2463768115943306,0.5147058823529704,0.5797101449275692,1.102941176470651,1.8656716417911507,1.6417910447762127,1.102941176470651,1.8939393939395015,2.205882352941302,1.5942028985508154,0.3676470588235503,0.2985074626865841,2.4285714285715665,2.4218750000001377,1.8181818181819214,0.2898550724637846,0.9420289855073,0.8955223880597524,0.3787878787879003,0.8333333333333807,1.9117647058824616,0.5468750000000311,1.1940298507463365
51,1.5217391304348693,0.46153846153848777,1.8382352941177516,2.238805970149381,1.0869565217391923,1.446571490374298,1.2857142857143589,0.7352941176471006,1.813542581211692,1.4705882352942012,1.8382352941177516,1.7857142857143873,1.7424242424243415,0.6617647058823906,1.5217391304348693,0.8823529411765207,2.238805970149381,1.1363636363637009,1.3043478260870307,1.956521739130546,1.0294117647059409,0.9701492537313984,1.9402985074627968,0.8823529411765207,0.22058823529413019,0.8088235294118107
53,0.5882352941176805,0.49180327868855256,1.9117647058824616,0.30303030303032025,0.2985074626865841,2.3134328358210268,1.250000000000071,2.0588235294118817,1.9852941176471717,0.8088235294118107,0.8955223880597524,2.3134328358210268,2.500000000000142,2.352941176470722,1.363636363636441,2.132352941176592,0.49180327868855256,2.132352941176592,0.9506813757300995,0.6428571428571794,2.500000000000142,0.22058823529413019,1.7857142857143873,1.9696969696970816,1.8382352941177516,1.6417910447762127
56,0.8695652173913538,1.1538461538462195,0.22058823529413019,1.8382352941177516,1.2686567164179825,1.2318840579710846,0.30303030303032025,1.0144927536232462,1.956521739130546,1.3432835820896285,0.6617647058823906,0.29411764705884025,2.089552238806089,0.9420289855073,1.7647058823530415,1.176470588235361,1.5873015873016774,1.2857142857143589,0.5970149253731682,1.6417910447762127,1.5217391304348693,0.2898550724637846,0.4285714285714529,2.0289855072464924,0.6617647058823906,0.2898550724637846
59,1.3768115942029768,2.076923076923195,1.6428571428572363,1.213235294117716,1.0447761194030445,0.22058823529413019,1.9852941176471717,0.36231884057973074,1.8115942028986538,1.2686567164179825,2.500000000000142,1.8571428571429627,1.3043478260870307,0.582954791261119,1.7535650623886916,1.3970588235294912,2.3134328358210268,1.7910447761195047,1.7164179104478587,0.8333333333333807,1.2686567164179825,0.8695652173913538,0.30303030303032025,2.089552238806089,2.500000000000142,1.1363636363637009
61,0.5797101449275692,1.307692307692382,0.7971014492754077,0.5882352941176805,1.7391304347827077,0.8955223880597524,1.2318840579710846,1.7424242424243415,0.5797101449275692,1.0869565217391923,1.5217391304348693,2.424242424242562,2.0588235294118817,0.2238805970149381,1.7424242424243415,0.8333333333333807,1.250000000000071,2.462686567164319,1.8656716417911507,0.9558823529412308,1.0869565217391923,1.5942028985508154,1.9117647058824616,0.3676470588235503,1.2686567164179825,0.29411764705884025
64,1.5398550724638556,1.5079365079365936,2.238805970149381,1.5625000000000888,0.6716417910448143,2.2463768115943306,0.9558823529412308,0.5882352941176805,1.0294117647059409,2.238805970149381,2.307692307692439,0.36231884057973074,1.5671641791045667,1.449275362318923,1.5909090909091812,0.9285714285714813,1.5000000000000853,2.352941176470722,0.44117647058826037,0.9848484848485408,1.6417910447762127,1.6911764705883314,2.1014492753624383,2.076923076923195,1.3970588235294912,2.21428571428584
66,2.500000000000142,1.0000000000000568,1.8656716417911507,1.0156250000000577,1.449275362318923,1.8382352941177516,2.463768115942169,0.22058823529413019,1.2857142857143589,2.3913043478262233,1.6666666666667613,0.5000000000000284,1.4705882352942012,0.6060606060606405,0.2238805970149381,0.5147058823529704,1.5217391304348693,1.4179104477612745,0.44117647058826037,2.21428571428584,0.8823529411765207,0.6060606060606405,1.6666666666667616,2.132352941176592,1.5062217194570993,1.0294117647059409
69,0.5147058823529704,1.7187500000000977,1.2318840579710846,1.6406250000000933,1.8939393939395015,1.6176470588236214,1.8181818181819214,2.132352941176592,1.7164179104478587,0.36231884057973074,2.500000000000142,0.4285714285714529,1.7164179104478587,1.516265597148036,0.3676470588235503,1.176470588235361,0.6617647058823906,0.9701492537313984,0.5223880597015222,1.3432835820896285,0.22058823529413019,2.205882352941302,1.6428571428572363,0.7971014492754077,1.6153846153847073,0.9285714285714813
72,2.279411764706012,2.1428571428572645,1.1594202898551385,0.7142857142857548,0.7352941176471006,1.176470588235361,0.36231884057973074,2.3913043478262233,1.5909090909091812,1.2318840579710846,1.8115942028986538,1.449275362318923,1.3654553320355525,2.426470588235432,1.3405399473222885,0.9558823529412308,0.23437500000001332,2.463768115942169,0.8695652173913538,2.3913043478262233,2.0588235294118817,1.846153846153951,1.0869565217391923,1.7187500000000977,2.352941176470722,0.29411764705884025
74,2.279411764706012,0.7142857142857548,0.36231884057973074,0.23809523809525163,0.22058823529413019,2.463768115942169,1.7424242424243415,1.4084507042254322,0.9090909090909607,2.1538461538462763,0.5072463768116231,2.142857142857265,1.0144927536232462,0.5970149253731682,2.3134328358210268,2.132352941176592,1.0294117647059409,0.6521739130435154,1.8115942028986538,1.0294117647059409,1.6666666666667616,2.132352941176592,0.5970149253731682,1.8382352941177516,1.176470588235361,1.449275362318923
77,1.6417910447762127,2.500000000000142,1.7910447761195047,2.4615384615386016,2.500000000000142,2.352941176470722,1.9696969696970816,1.6417910447762127,0.9324866310160957,1.7391304347827077,0.434782608695677,1.8115942028986538,0.9701492537313984,2.279411764706012,2.500000000000142,1.9285714285715383,2.426470588235432,1.250000000000071,0.44117647058826037,1.8840579710146,0.21739130434783846,2.500000000000142,1.0714285714286325,2.238805970149381,0.4347826086956769,0.5970149253731682
80,2.318840579710277,2.2222222222223484,2.2727272727274017,2.0289855072464924,1.3970588235294912,2.0149253731344428,0.9558823529412308,1.1194029850746905,0.9558823529412308,1.9402985074627968,0.3623188405797308,2.1014492753624383,2.500000000000142,2.318840579710277,0.22058823529413019,2.388059701492673,2.318840579710277,2.0588235294118817,2.21428571428584,1.3768115942029768,1.8656716417911507,1.102941176470651,0.7971014492754077,2.2463768115943306,1.4487345879299982,1.9852941176471717
82,0.8823529411765207,2.076923076923195,1.6911764705883314,0.2238805970149381,2.21428571428584,1.5217391304348693,1.956521739130546,1.5441176470589113,0.6716417910448143,2.426470588235432,0.2898550724637846,2.3134328358210268,2.500000000000142,1.8656716417911507,1.8939393939395015,1.8571428571429627,1.0937500000000622,2.0000000000001137,0.8823529411765207,1.7910447761195047,1.8382352941177516,1.6417910447762127,2.205882352941302,2.2463768115943306,2.462686567164319,1.250000000000071
85,2.238805970149381,1.250000000000071,1.9852941176471717,2.462686567164319,2.1014492753624383,0.5223880597015222,1.102941176470651,2.279411764706012,2.500000000000142,1.4925373134329205,1.4285714285715099,1.0447761194030445,1.7164179104478587,1.9852941176471717,2.1969696969694663,0.6060606060606405,0.7971014492754077,1.4179104477612745,2.426470588235432,2.121212121212242,2.0588235294118817,1.6666666666667616,2.1014492753624383,0.8955223880597524,2.0149253731344428,0.36231884057973074
88,1.4179104477608717,1.0317460317457972,1.6911764705878507,2.4999999999994316,1.4179104477608717,0.8695652173911067,1.4492753623185113,2.4626865671636193,1.5671641791041213,0.8088235294115808,2.3880597014919944,0.8955223880594979,1.666666666666288,1.9117647058819183,2.4999999999994316,1.7391304347822134,0.2205882352940675,0.5147058823528241,2.205882352940675,2.101449275361841,1.76470588235254,0.5147058823528241,0.28985507246370223,1.6911764705878507,0.8088235294115808,0.9558823529409591
90,1.9117647058819183,1.1111111111108585,0.8695652173911067,0.322580645161217,0.6617647058822025,0.8088235294115808,0.441176470588135,2.307692307691783,2.1428571428566556,1.9117647058819183,1.716417910447371,1.6176470588231615,2.0289855072459155,1.2142857142854382,1.461538461538129,1.7142857142853245,0.9299662487943882,0.5797101449274045,1.6176470588231615,1.6417910447757462,2.4999999999994316,1.716417910447371,1.4925373134324964,0.4166666666665719,0.2985074626864993,1.838235294117229
93,1.0606060606058194,1.2094017094014342,1.1029411764703374,0.6349206349204906,0.43478260869555335,0.8571428571426623,0.9558823529409591,2.0289855072459155,1.3768115942025856,1.6911764705878507,0.36764705882344584,0.36764705882344584,2.3913043478255434,2.4999999999994316,1.58897818599275,0.9558823529409591,1.639344262294709,1.3768115942025856,1.2499999999997158,2.16417910447712,2.352941176470053,0.441176470588135,1.4705882352937834,2.1874999999995026,0.6617647058822025,2.0012071992971747
96,,1.3076923076920102,2.279411764705364,0.6249999999998579,1.323529411764405,,,1.8656716417906207,1.7910447761189958,1.5217391304344368,,2.4264705882347424,0.2205882352940675,2.0895522388054952,1.716417910447371,1.6176470588231615,0.6153846153844754,2.279411764705364,1.6176470588231615,2.205882352940675,1.4179104477608717,1.0144927536229578,1.3970588235290942,1.95652173912999,2.3880597014919944,2.16417910447712
