Time,2,2.1,2.2,1,1.1,1.2,1.3,0.5,0.5.1,0.5.2,0.25,0.25.1,0.125.2,0.125,0.125.3,0.125.1,0.0625.1,0.0625,0.0625.3,0.0625.2,0.0312,0.0312.1,0.0312.3,0.0312.2,0.0156.3,0.0156,0.0156.1,0.0156.2
0,0.1388106658007499,0.0505878678635087,0.0579303504182291,0.0336777174702011,0.0005282540602527,0.0005038738599155,0.000505999236654,0.0583219667319654,0.0006579391720792,0.0474338226655241,0.0353356675282678,0.0834137055666098,0.2008005355418005,0.130220196789825,0.140702986851988,0.0776409667528029,0.0936427245193311,,0.052838557720494,0.0367439746973585,0.1793421856400959,0.1024462700063011,0.0011723213222013,0.0355194606008755,0.2423853227278291,0.1396324649577147,0.1411205059897629,0.0820309878850421
4,0.1193933815051364,0.0003518757881958,0.0153457697132559,0.0021712448643132,0.0005702080137381,0.048494680124539,0.0323740964673375,0.0584623011815417,0.0821929414221021,0.0438470642590689,0.1421103559182661,0.0691601347860225,0.1485584552635147,0.1189245181448373,0.1583287539953016,0.0401914109973417,0.0897562584149848,0.0706392311533044,0.0438404667616026,0.0005144717284946,0.1900302832946594,0.0927106434692093,0.1116622539167632,0.0374822596799522,0.1829866253814555,0.1164261658754449,0.1439344143137527,0.0571932513035651
6,0.1299975386166138,0.000375148861182,0.0415281978352216,0.0254856318507909,0.0005182824549915,0.053892029069036,0.0013075732258502,0.058602635631118,0.0818382358973938,0.0346431345825185,0.1223770253533195,0.0790234323535135,0.1701793800688731,0.1255951969013333,0.1278541460130301,0.0027418552418805,0.0833243301122436,0.0729853377642403,0.0386124842979828,0.0009753019280392,0.2123682062608276,0.0906837268194197,0.1144586413110703,0.0352821158783247,0.1978317560746714,0.108433066806989,0.1294987304169591,0.0614535220478404
9,0.1371841649771129,0.0005136938341652,0.0008388577063646,0.0242593878025425,0.0005732094674548,0.046392191911758,0.028409806607204,0.0600270170374666,0.0621034678844017,0.0410491675308505,0.1464800521686334,0.0781802695819659,0.1402444395997951,0.115563293449783,0.1711301095877942,0.0589045079458102,0.086251271157084,0.0009281136557465,0.0442013267910601,0.0003134526886018,0.1942615562911603,0.0815508999824644,0.1086202831050743,0.0165927645809528,0.1688892694760213,0.1069495639824494,0.1228887280840132,0.0704873226789804
12,0.1352886347143392,0.0004282582180319,0.0009689485597828,0.0004373363922049,0.0004566946751755,0.0484468596369518,0.0031375146920716,0.0293237331965367,0.0870162858504329,0.0469102441560748,0.1360503614105424,0.0896700653471119,0.1469884200603797,0.1117180545793426,0.1492472667140729,0.0571808151082017,0.0921690934043009,0.0543192221906424,0.0420694013902424,0.0004416942116907,0.1901173405680385,0.0891237301519297,0.0944571933399896,0.0004799272521383,0.115380999311823,0.1261060274330888,0.1420599126333201,0.0727639723956505
14,0.1240914360076659,0.0004127956104606,0.0008946167794007,0.0125292303161794,0.0004292295980928,0.0519124963123938,0.0316639095939559,0.0537474341603527,0.0893616808631036,0.0361357932357193,0.1368229231475716,0.0896122661501796,0.1542853928066096,0.1164778727183751,0.1560115626569018,0.0535718758490644,0.0844278205543744,0.0598962786582611,0.045033423291612,0.0004021892349792,0.1788201267384851,0.0843796712310954,0.0709763132188057,0.0004715617673634,0.1968935967692907,0.1149276300829984,0.0826223428405898,0.0780711752300404
17,0.1297841304780587,0.0003414232223544,0.0007716366376753,0.0129022006747207,0.0003974834342055,0.0509219456288314,0.0020477172684402,0.0614311513750322,0.0730327778598242,0.0369166254924777,0.1277792526701283,0.0822359371109973,0.1571233258085612,0.1305363008551402,0.11224644610848,0.0244859019923357,0.080302434303693,0.0488754700173461,0.0479974451929816,0.0003416523711479,0.2035323022519467,0.0902374747924908,0.0722512054535958,0.0004919156473121,0.1691398551379169,0.1172392161472299,0.137965404073081,0.0839550872926478
19,0.1147756914435138,0.0004073493274769,0.0444462885641854,0.0004886747233345,0.0004510477811549,0.0440281265664933,0.0014415646126394,0.056527975721027,0.0796880684089358,0.0306026092085431,0.1315728265617291,0.0804221836484714,0.1595398717542985,0.1262046279969712,0.1288102469544791,0.0483812724391478,0.0829608256323013,0.0490172375350688,0.0236449118612317,0.0005588778185142,0.1831969024915404,0.1019555635055279,0.0743699926647814,0.0004758053944688,0.1694469897755278,0.1216660284902259,0.1485914484123532,0.0763854311011402
22,0.0535755267664068,0.0005640042407009,0.0466430530180641,0.0004924969414479,0.0004919798994935,0.0006891505072524,0.0146725453838054,0.0653604387035175,0.0672578767559934,0.0321545663030225,0.1362547628091525,0.0733879894243182,0.1591187563624472,0.1250914879233483,0.1123180739910246,0.0462499556220205,0.0924406048150338,0.0390670010150258,0.0541842126662224,0.0004169451805478,0.1561140067212657,0.0898106273076106,0.0690320039102533,0.0031707582806852,0.1687364375743923,0.1552813189641694,0.1446287569330247,0.0831548311048315
24,0.1110288839569453,0.0004378229954077,0.038606946759003,0.0289171870976435,0.0004597661606141,0.0446169139230035,0.0014031040646891,0.0556168715907732,0.0490389417361793,0.0010320669214866,0.1282742875880769,0.0820421411248673,0.144391194631964,0.1306721839103002,0.0938467167475358,0.0393631150679925,0.0887513134161903,0.0407420629858998,0.0508405271441611,0.0004322586960148,0.1675977065773873,0.1027616440871568,0.0657934040079597,0.0005453758177703,0.1837650697868081,0.1373710091928667,0.1321497098734615,0.0749297035487166
27,0.1086628490821516,0.000419199761449,0.0010745946688941,0.0149140782470809,0.00048162936657,0.0456626420271556,0.0326665672831574,0.0580529704491551,0.0022146769105497,0.0260884914240297,0.0286492866113676,0.0788011434103944,0.1425476291102214,0.1146236303201334,0.0608796217874485,0.0463381078317247,0.0852135678830041,0.0334342972995619,0.0437967155242875,0.0003784193355536,0.179359725103897,0.0862863988225583,0.0870602393845212,0.000381398244137,0.1671773983046523,0.1391275607670527,0.1480690306020806,0.0742490950293406
30,0.1105309033428665,0.0004726236756093,0.0381363074083664,0.0286140870540267,0.0005105476717517,0.0425613638424165,0.0013718762666795,0.0548553035396086,0.0007821935535972,0.009946497928521,0.1439730402104065,0.0830134692383917,0.1275276157073317,0.0551212437582603,0.0717578594343231,0.038329879388325,0.0750675071772256,0.0010394097704021,0.0486988580104092,0.0003425557122969,0.1736618742337658,0.0906172467938581,0.0749559878883989,0.0004136935701596,0.1596045538307124,0.137494934825308,0.1307800697209833,0.0775911753044959
32,0.1037586717116288,0.0004536943731064,0.0389947416530964,0.0005223690907509,0.0005675646100213,0.0418394192069266,0.0350161910480075,0.0626085764155471,0.0003055217132992,0.00069224668798,0.1092203243122105,0.087248951747381,0.139000404281218,0.1299812609501777,0.066623302328692,0.049189689602252,0.0771626440567387,0.0317297844991318,0.049680341387673,0.0003669721636856,0.1767600020097937,0.0872042203693623,0.0746610672945317,0.0004236262591709,0.1709805109371466,0.1335640107572343,0.1484071413133236,0.0721641605784164
35,0.10893586626058,0.0003687334108258,0.0389634932871371,0.013286905257211,0.0004999433211254,0.0412538735570079,0.0351538908034551,0.0557104035791528,0.0003495238789952,0.0006967713322309,0.0649481286654007,0.0795046366810235,0.141187453360068,0.1143961966743057,0.0637961260437429,0.0489244760127305,0.0838090321269601,0.0004735422220086,0.0228827416953219,0.0005437569694183,0.1763922133076934,0.0921921681761301,0.0785059928217115,0.0004979866223009,0.1803977738511221,0.1345266294302923,0.1360054697361607,0.068951933630943
38,0.1064085945329868,0.0038672257347712,0.0452136052477101,0.0005168886550936,0.0006356720723739,0.0424737459116379,0.0015074093556397,0.0520620364966551,0.0003104510081881,0.0006183485505396,0.1544580739714735,0.0862319337072035,0.1368341846342026,0.1249334868971428,0.0654789004207035,0.05365248113922,0.0734332621409,0.0003755291758541,0.0493332877444638,0.0004450759767834,0.1738805966515295,0.1011465415130534,0.076274902718445,0.0004169628074699,0.1679361103028485,0.1499828058131125,0.1236037981589979,0.0724055852587351
40,0.119818056241607,0.0004479497538416,0.0432524032125947,0.0269104559014645,0.0012509313109143,0.0414187622701929,0.0341215953264607,0.0535025579777796,0.000271378137381,0.0005592871452368,0.1346789724057455,0.08205061461631,0.1573321313666104,0.1090863532933845,0.0716068055353873,0.0455658104392527,0.0370081209977879,0.0320301669299641,0.0386233134814706,0.0004566871434559,0.193539419082948,0.0865809061103655,0.0745193766492636,0.0004124096837576,0.1521794016635587,0.1438217752225615,0.1502938535166047,0.0773236629278166
43,0.107822622663803,0.0004983287895165,0.0046288259376623,0.0004868054737178,0.0006419130926335,0.0398857417695184,0.0014097910962682,0.0570543788566394,0.000232305266574,0.0004805827999777,0.1393073062724327,0.0790088027596479,0.1374766308493206,0.1230352783953959,0.0621885221782554,0.0451794756667006,0.0696621463928768,0.0006120866797437,0.045349663023223,0.0004075885776929,0.1486965213962724,0.0860538459647261,0.0337612242681527,0.0004078565600453,0.1364226930242689,0.1329400267043459,0.1249764580266332,0.0814971223059081
45,0.1245815254777619,0.0004377821669903,0.0410928896093612,0.0005632229312694,0.0005625819599005,0.0415904125472949,0.0344088332073099,0.0581817188953717,0.0007146345715716,0.0004018784547186,0.1227813903908051,0.0896196797782061,0.1443170827302233,0.1078863342094583,0.0633645253062993,0.0393382164550633,0.0616225602629265,0.0400688174686168,0.0228930774916378,0.0004080883856912,0.1735733621952733,0.0903018267651165,0.0642949755819513,,0.1466790091968343,0.1478668692626786,0.1285500565550142,0.080807544387358
48,0.118260029251599,0.0004654887087053,0.0189627598546296,0.0005489555938438,0.0005979152037201,0.0424744829890558,0.0345554964211717,0.0549763064228674,0.0005306260841756,0.0005129703941743,0.1307549794060263,0.0826583997229605,0.1673461768400264,0.1076422700069704,0.0687075037055561,0.0431075774949189,0.0779187846010577,0.0399758919805152,0.0436098066048873,0.0003740176106288,0.1774332351979635,0.0855103089699765,0.062003767775975,,0.1557006798889532,0.145795418894688,0.1278878341134957,0.0324599415929723
51,0.1046548324308298,0.0004457196369925,0.0375135131133909,0.0006068850119495,0.0006818451861843,0.0410110473090083,0.0015571960501135,0.0518682272227592,0.0453156573780167,0.0004853360489418,0.1330562324091248,0.0812570610525122,0.1538046368872086,0.1076991826820833,0.0568436748695121,0.0007116124151651,0.0673014679485386,0.040884954722877,0.0447229798213646,0.0004451835641587,0.1611833670391283,0.0764771738501727,0.0656877373447099,,0.1457635060661763,0.1686174864929592,0.1254979539967964,0.0254748074480091
53,0.1135927543005234,0.0004161515422476,0.0389076251418222,0.0004990084962028,0.0005893523973262,0.0198512530192011,0.0028445798177215,0.0541182046113551,0.0431825241437678,0.0004577017037092,0.1445536437177266,0.0812870939108761,0.0653639047614362,0.1220479309951624,0.0669698959777861,0.0005877889062574,0.0760627615764122,0.0460589014462951,0.000652668468353,0.0005051392198889,0.1659681419182701,0.0781022024636973,0.067552821215306,,0.1403919855541731,0.1849304863745169,0.1452624443167374,0.041769799124916
56,0.1238120349485987,0.0004842834407004,0.0327145413135258,0.000556653136739,0.0006479814859837,0.0430700010147702,0.0017116199968493,0.0510398701712848,0.0406672338782648,0.0003472350802356,0.1402991275204342,0.0969056463668601,0.1573847372928026,0.1064900533439026,0.0629863064635894,0.0370769748794321,0.0774447716505909,0.0512328481697133,0.006598984930478,0.0004315554691054,0.1950558009566922,0.0748405152141006,0.0769281296980044,,0.1462234279416108,0.1559364708595912,0.1402839218451238,0.0340659835154764
59,0.1083568958949398,0.0007514173709105,0.0412532949339258,0.0005553342088704,0.0006586486396825,0.0397116543993497,0.0030148959245145,0.0502020424651682,0.0410228788389893,0.0005156923743114,0.1457977105808817,0.0838494547637587,0.1357026875990796,0.1016392061428665,0.0771517176426504,0.0492116644260973,0.0771935661272749,0.0464210041674626,0.0454938717083268,0.0004286569759948,0.1805974870087712,0.076254469262797,0.0782255277306371,,0.1458916340606578,0.1560716012263823,0.1455903254405786,0.0007002047652556
61,0.1097670167289662,0.0004081948192741,0.0371263426642452,0.0122773673624546,0.0005707509497857,0.037184412646021,0.0023331874966045,0.0496185677883945,0.0543588998749245,0.0003576450489068,0.1298886537897882,0.0878030645642634,0.1574795654159361,0.1031627063848858,0.0736030298395721,0.0457382194495702,0.08220326727037,0.0461032763875737,0.0437832800168476,0.0003013977101939,0.1936424434907095,0.0831469626724651,0.080455682434717,0.0003862427918981,0.1414614572003252,0.1819340406322892,0.1206146011597999,0.0328090939479709
64,0.1080141761691371,0.0005291625666867,0.0373098598738105,0.0097405672763451,0.0006020765907855,0.0008189780530368,0.0016514790686946,0.0531938458890075,0.0482735416421166,0.0004438288162972,0.1238281861101732,0.0814119784908669,0.1371456912478619,0.1230021404487728,0.0685105344419977,0.047208836285127,0.0796072935075942,0.0520943302756654,0.0446195095292477,0.0005400122750856,0.1801898486457537,0.0753314391588488,0.0715281250701871,0.0005445616677739,0.1437573147103288,0.1485911816164933,0.1327894621519093,0.002314709898445
66,0.1045371219780613,0.0005027092339083,0.0374933770833758,0.000502626209693,0.0006524215068133,0.039732103794439,0.0015452340365828,0.0512219399605966,0.0525336850446276,0.0005839665576403,0.1286943242285741,0.0784640818538852,0.1553445123808431,0.1192154529555457,0.0705169098689441,0.0492711376345744,0.078283539697174,0.0526713991284564,0.0470264856449286,0.0005564979574894,0.1869346810620859,0.0690049132159819,0.076153680492627,0.0003355717383934,0.081553134682712,0.1684604273025896,0.1294815047280575,0.0013403057253254
69,0.1036739211990322,0.0005384705139892,0.037485604597116,0.0005431245269409,0.0006036620415739,0.0365178991617268,0.0015932260003319,0.0581129457656152,0.0437080828219286,0.0003560259046566,0.1285689160021005,0.0797606736524772,0.1582192520261416,0.1134113169346566,0.0770363002051356,0.048400163238929,0.0802508004341367,0.0528371578698041,0.0006634225648566,0.0004414513337506,0.1658690295901225,0.0741811667270196,0.0658216082410647,0.0003473880050484,0.1480058008628077,0.1582075496117841,0.1480600804663488,0.0007429785463127
72,0.1015099523818006,0.000792789962209,0.0005157955171089,0.0244343030994218,0.0005870541233978,0.0351116645665412,0.0015993777640334,0.0543786810975589,0.0430225335178192,0.0004008854222151,0.1279035998938358,0.0822751226663702,0.1504939219107581,0.1397000896496861,0.0787063928640234,0.047882159291101,0.0853265062808747,0.0560629718036614,0.0384754635288454,0.0004468478026529,0.1919160391438655,0.0763348744136674,0.0641068022527283,0.0004340311311119,0.1496382857787865,0.1369749523431802,0.1392974734692496,0.0138113496199867
74,0.1193266025324411,0.0005946311238525,0.0154269163441717,0.0006412917153618,0.0006467761776387,0.036087914554988,0.0015876175690249,0.0516671488389066,0.0408423253020453,0.0003796145230613,0.1263486733312044,0.0920948428094946,0.0683094870423764,0.1187877117698939,0.075679165841135,0.0481421338620376,0.0817948070970066,0.0486648793793383,0.0458526938354058,0.0368039024812812,0.1747500788639011,0.0788577144762647,0.0697004668011508,0.0004033480935488,0.1725642776969218,0.1469433101594829,0.1228546914420098,0.0136478882249991
77,0.1024224186734495,0.00050303292017,0.0221286124656985,0.0005233922190623,0.000602470465019,0.0008366312782212,0.0166382377325197,0.0007386412869247,0.0197781351660514,0.0003583436239075,0.1494186299749753,0.0830486043260719,0.0542882418222602,0.1243928438179393,0.078023182388996,0.0482682547144632,0.0840737123380804,0.0463483427026604,0.0007067885425628,0.0313144440033598,0.1553899691981002,0.1051905122919585,0.0009192771036933,0.0004440762896909,0.1564966140324713,0.1597058670079367,0.118562207002163,0.0008809116117856
80,0.0921193532457868,0.0005369974665612,0.0288303085872253,0.0005139748017261,0.0005126545668442,0.0382890332290109,0.0015627149173719,0.0521864795176938,0.0006134113045944,0.0002744003745309,0.151190350435596,0.0808814242311285,0.1441502902629586,0.1154646712087277,0.0812910149142195,0.0488483335230143,0.0857465388183703,0.0455581029384343,0.040816157065815,0.0005156254117257,0.1583456474903799,0.0952394252646901,0.0672394527837228,0.0004735051859539,0.1480516984994479,0.1363728445793155,0.1184524518308881,0.0009481768492607
82,0.0980936912970823,0.0006584312344772,0.0355320047087521,0.0005522698696271,0.0005725535505388,0.0386468425884914,0.0019876263048223,0.0515456307145167,0.0366184388229236,0.0003118560906246,0.1092466199490096,0.0799415068988548,0.1358926372488498,0.1085249104824644,0.0949081038022856,0.0488360968251993,0.0851837815774553,0.0475169950370559,0.0446366327447042,0.00050694247799,0.1472364544298675,0.0771573111136934,0.0614739345067684,0.0012966104388508,0.151761297028109,0.130784074242021,0.143631140353613,0.0008990679009008
85,0.1040680293483779,0.0007505010980356,0.0350170791311698,0.0005609837012919,0.0015416225012084,0.0364121634835394,0.0018803713664729,0.0047955923583157,0.0476252231145006,0.0002933399723977,0.1157604903267817,0.0908415310726393,0.1550217776854489,0.1009155547073263,0.1224861757179525,0.0490359163823993,0.0899499153698274,0.042406455645788,0.0445966335105453,0.000512723361962,0.1429374342667879,0.0849334727463591,0.0645544968461769,0.004737012576513,0.1425391921779033,0.1357289952439952,0.1152627910036003,0.000991570076517
88,0.1026008670759802,0.0085192896813654,0.0354778836935423,0.0245708266237569,0.0004229318063841,0.0370115150434676,0.0017731164281234,0.0508721465181499,0.0006025773512683,0.000236167271093,0.1196061944184219,0.0733376819970734,0.1286964882958956,0.1047934811817469,0.1254805913940103,0.0524089068873484,0.0864579032007785,0.0424810799501268,0.0428808612732898,0.0006435005020781,0.148455020291289,0.0933635832453754,0.0670068347102541,0.0003926089543614,0.1635001744624177,0.1427573572523918,0.1474856309204598,0.0010047542569178
90,0.1014300142534464,0.0008362321971395,0.0343551568957559,0.0005605902394631,0.0004408537741519,0.0005644194657035,0.0029440241047191,0.0514112631810451,0.0550547269767237,0.0002373049347746,0.0924577432072133,0.0747284071513519,0.1409973960624828,0.0985306434661996,0.1555014500813924,0.0512473292172634,0.0817603778340196,0.0376991322251512,0.0411650890360343,0.0006048005705674,0.1660666494858466,0.0025458004037209,0.0647187413747596,0.0007957795750959,0.144242934917596,0.1295585516689617,0.1349033751113676,0.0007967913060122
93,0.1102040364160919,0.0143382992482203,0.0351167987400368,0.0005889615677963,0.0004861714565874,0.0358468646537235,0.0016697592763391,0.0515525528716731,0.0014222972377141,0.0002673304847663,0.0803637147021745,0.0784982144608699,0.1390539448018518,0.095915460965237,0.1655553675151284,0.0522336052977306,0.0829538650246178,0.0374333368471972,0.0394493167987788,0.000585848597536,0.1710498986361579,0.0839817955979441,0.0553143488434569,0.0004142992787099,0.1478320632058949,0.162788438897172,0.1210884631875272,0.0009303126799612
96,0.1172066711637602,0.0008309056640349,0.0321999231125566,0.0125299597259136,0.0025175188122409,0.0007128619344544,0.0016485157809118,0.053669051081751,0.0687614965229706,0.0002332320717199,0.0534779857016008,0.0883443575169383,0.137110493541221,0.0904763770095856,0.1653806149878899,0.0544562667646216,0.0823815490057599,0.0195539904480662,0.0447089245257288,0.0011731987424552,0.1361407015219359,0.0934886870450398,0.0512385976475634,0.0003553708788554,0.1317846137194335,0.159159219135332,0.0498743672020525,0.0009612464471826
