Time,10,10.1,5,5.1,5.2,2.5,2.5.3,2.5.1,2.5.2,1.25,1.25.1,1.25.2,1.25.3,0.782.2,0.782.1,0.782.3,0.782,0.625.2,0.625.3,0.625,0.625.1,0.313.2,0.313.1,0.313,0.156.2,0.156,0.156.1,0.156.3
0,0.076513967973907,,,,,,,,,,,,,,,,,,,,,,,,,,,
3,0.049017554597162,0.0348037285452533,0.1319649183113465,0.1308019481161858,0.1035244419065812,0.0972711613842222,0.0724816105007608,0.0479818981897186,0.0003947657966501,0.0697750472663286,0.0616457428731734,0.0594230854212898,0.0453825650481851,,,,,0.1599314105624878,0.0811423508130104,0.0533164800947084,0.0531422423646316,0.1196202669322996,0.0907660245149058,0.0939766523187757,0.1348761105246543,0.1626773259377148,0.0917598543972005,0.0005300469757221
7,0.0480346714847943,0.0387596268704001,0.1466764367881963,0.1019371612924286,0.0957291869055805,0.0966527617258946,0.0719192034536353,0.0427084878544753,0.0004407524259875,0.0515752166107344,0.0650533890072651,0.0514063177590201,0.0460739471749279,0.1470170924916034,0.1064674095773459,0.089476809208807,0.1627995217681855,0.1270094526018765,0.0734811319764416,0.0393383526516491,0.058575443107255,0.1078041451441528,0.0827789051310972,0.1280342773322594,0.1340204160459037,0.1931507922391672,0.0976926773115374,0.0012991647457636
18,0.0550337178460944,0.0344950558671071,0.1358478093976069,0.1118880390661476,0.0956021747532156,0.1085615392072591,0.1118481556147981,0.0485223163534507,0.0015906135791508,0.0710516980937218,0.0613667156677675,0.0549834138517494,0.0383121492410071,0.2128992662193303,0.0857986744139274,0.0866632450589062,0.1273972599651789,0.1765768416859553,0.0799458688629351,0.0840066694212214,0.0501097071082926,0.1560450764512764,0.0810571721471611,0.0748073090750402,0.1800391734338713,0.1867217393531258,0.0941399354534678,0.0005018805216094
21,0.0428929080879667,0.0249197784623152,0.1385896493179914,0.0947603400801829,0.0782490514088314,0.1033933845673042,0.0915871513378483,0.0402905292715449,0.0004713069685412,0.080490183451936,0.0255142385345149,0.0305034305967216,0.0008180420470741,0.1917569443038157,0.0984301049545727,0.0015666748160662,0.129927824136747,0.1404942805243396,0.083184581180444,0.0749491043696608,0.046618507053808,0.0021946997004757,0.0810794139358759,0.0771514454857492,0.1572808400428884,0.1678588147506639,0.0821989674347335,0.0004815965208202
24,0.0429340902636472,0.0153445010575234,0.141331489238376,0.1059444731503853,0.0680199849390404,0.1091615832194894,0.0859759863213294,0.0420580537401021,0.0004616832376001,0.0335571923017573,0.0506266641838658,0.0555417027146508,0.0007614088356135,0.1730216171465288,0.0906796528258667,0.0802801225239708,0.1281521827310746,0.1408193855835795,0.0777022455105516,0.0806497081108392,0.0497684923721624,0.1358677425532435,0.0793322109346564,0.0576126035213393,0.1551398453445909,0.1480621453081085,0.0994564760777437,0.0003808949841062
26,0.000458924025859,0.0005824047062496,0.1248590955812013,0.1009151564528531,0.0725525769814109,0.1114622136644542,0.0843544002735416,0.044418810404454,0.0004182626946892,0.0833900472897543,0.0553901831922932,0.0044264246760195,0.0017050251588646,0.1730894548500332,0.0861852511389492,0.0879807618638172,0.0670230421952828,0.1004874506817776,0.0749875338492045,0.0837229424624302,0.0547588498896416,0.1318518920400879,0.078196791089187,0.0688822564363175,0.1529988506462933,0.1825582186282959,0.081211054034162,0.0004041715554146
29,0.0508831230467818,0.0153483212884446,0.1408494721219524,0.1069722313028769,0.0773213980684099,0.1062120215270849,0.0823273342704175,0.0460042412873407,0.0011915348268481,0.0657360103874378,0.0530093946507514,0.0549415296298566,0.0192545216166042,0.0884719007924695,0.0874116762386876,0.0822394134105077,0.0831624203408104,0.0839749524844011,0.0813008360348071,0.0821845237016864,0.0501380784380169,0.0574686693810303,0.073734514576547,0.0666263335122824,0.1488646996797484,0.1580715711134926,0.0799460310795211,0.000447750694931
31,0.0386935379737248,0.032081823447585,0.0015495845535072,0.104666655103531,0.0839840612932269,0.1095923812058381,0.0832258028833005,0.0423154952111203,0.0004596145422683,0.0644226747056838,0.0586224673619839,0.0561486649381345,0.0353566524414529,0.0974382835647033,0.0911638638067858,0.0779229101068299,0.0989034351814092,0.103883779807059,0.0783515609598898,0.077808973777479,0.0505039095001999,0.1475410829690594,0.0884484548795456,0.0637076002259206,0.1876518613186078,0.1980481005543379,0.0823922784347058,0.0004976572346296
34,0.0409979413029092,0.0303987115004897,0.1435404020009772,0.0490236464959178,0.0880402911407361,0.1152086261135606,0.0807038635745326,0.0442272570676311,0.0301158083522056,0.0655113556952705,0.060195293140338,0.0539875259001172,0.000700725723879,0.0835895106820601,0.0957641337227243,0.0951994405936584,0.1316278736160243,0.1276338159278718,0.0768970312782315,0.0797657687563832,0.0534304267231217,0.1428297273938351,0.0932755083561018,0.0544757877388816,0.0846553347412447,0.0842911169246796,0.0813691166157836,0.0005475637743281
37,0.0160053900255167,0.0004851042372922,0.1172324651866127,0.1107960054884454,0.0884622838275419,0.1165267352110783,0.0705945734705137,0.0446302798845844,0.0004786145889103,0.0379927692519532,0.0543084477789308,0.0542068563232598,0.0150854225629741,0.0795584185983784,0.0897099755785824,0.0856692375686486,0.1296096872289725,0.0970827569560585,0.0772552679375339,0.0806102905083293,0.053458207863036,0.1238741108222051,0.0911414529300664,0.0567227875750274,0.185181524218027,0.1658141607555623,0.0796997645992066,0.0093160583758353
39,0.0005126270709803,0.0024255446022673,0.1329074751195498,0.0985438239510861,0.0739293027881267,0.1065042735629687,0.0673492550446751,0.0434440169543639,0.0151152628679185,0.0534532790487309,0.0531232702823349,0.0524940957758508,0.0005601161860214,0.1522319097354583,0.0848620209387513,0.0973720347074794,0.1033103474950277,0.0740379939442155,0.0856029168022327,0.0732202179963968,0.0505587211858638,0.1129952028476803,0.0890073975040309,0.0572527679384998,0.1990151426533349,0.0823333002190604,0.0763229954720526,0.0005293113478698
42,0.0004505727536402,0.0005631004782829,0.0014185168544972,0.1122122382590213,0.0697863594121186,0.0546673596781697,0.0712214313424031,0.0418684033609997,0.0301549236548162,0.0395137347948658,0.0580596467240076,0.053183098094474,0.0005578323954223,0.1547281605078633,0.0879573869982811,0.0429614311851917,0.0787350653858176,0.1266896173611116,0.0761009002110855,0.082955820575445,0.0470051233347845,0.1095001289137883,0.0862164773596663,0.0596048387271286,0.2204309137737507,0.1673000332480672,0.0829843184826813,0.000482932854456
44,0.0454773155999917,0.0004550820433528,0.1069207471367313,0.1054437764908359,0.0699332547105035,0.1144666416942826,0.0769189653299216,0.0007379487133113,0.0004827612006825,0.0378299027331398,0.0537714222048877,0.0504614590963053,0.0004851408941341,0.1615887975127357,0.0922079655899185,0.0945227441362993,0.0426370256993277,0.0900680352738459,0.0733165856716115,0.0714904300894066,0.0541058474467217,0.0835314202384821,0.0853758732748481,0.0616735702163887,0.2159778114826079,0.1688334731587369,0.0840810266745678,0.0004365543610421
47,0.0004669540353903,0.0036373721991735,0.1034153591559685,0.1043468291410629,0.0688849675542826,0.1287752984058394,0.071282155185772,0.0409716309356329,0.0005603413612811,0.0400761465376657,0.0538668516039392,0.0484151042274164,0.0005706077272959,0.1767430007118511,0.0928852942035263,0.0863726475073246,0.0018151268040237,0.1041205657140634,0.0791290111459101,0.0714732285885465,0.05311555433017,0.0959088542415026,0.0720457581377936,0.0629966908843174,0.1021554391792839,0.1518614006006452,0.0765717190938661,0.0004713080261222
50,,0.0005144381554546,0.1416191755717373,0.1047341520769642,0.0320805736222277,0.1100921234134322,0.0008337441004446,0.0414882747411275,0.0005098829696693,0.0370287515291256,0.0529603615868099,0.0009071695215478,0.0005102837548722,0.1683942881504303,0.0865945869913057,0.0976985062327441,0.0003975682690548,0.1144472570485249,0.082263668652232,0.081363764402025,0.0564002733782249,0.093447864618869,0.0765235875171916,0.0748858952429496,0.2158171881388901,0.1757882916681233,0.0785546094025366,0.0003611811635551
52,,0.0004824170896614,0.129353069895681,0.1149922994395197,0.0692383186359111,0.1188905809251602,0.0738808325715279,0.0398130646876492,0.0161896366286134,0.0331497967837899,0.0541294598911159,0.0481553317907713,0.0164643854646804,0.1984306215379243,0.0893012048835958,0.0871019269480785,0.0011527580832736,0.1077820139468613,0.0797036145469115,0.0720040442781515,0.0535105922307472,0.0786176573692469,0.0710464051299386,0.030730704182909,0.0017133794746673,0.184965655415835,0.0816543246398766,0.00042613371179
55,,0.0005033249003803,0.1071724703787552,0.1060094337593328,0.0679777596653622,0.1185614446485681,0.0851280246144811,0.0415699136307224,0.0318693902875574,0.0323538150583374,0.0494759165710764,0.0436820897596001,0.0005086671207108,0.1828217669489047,0.0768407322183611,0.0849555021148902,0.0352526813373259,0.1178040881937933,0.0893362826431637,0.0707224084234137,0.0482906993243658,0.0869734271210227,0.0755592047106042,0.0739943913092534,0.2608631961485777,0.1630567029213454,0.0843059790219666,0.0004531212423228
57,,0.014702729094345,0.1107630836370511,0.1040574518345727,0.0259141902586384,0.1221744371416185,0.0780027552256812,0.0484294998832048,0.00054150410472,0.0313319404277935,0.0508939884051153,0.0421452503225273,0.0004163384770623,0.1986484725004395,0.0836692830029731,0.0831233705851905,0.0402675711520633,0.1292106733377927,0.078982996132512,0.0745564883232536,0.053752809781035,0.0696246267397438,0.0721435525787841,0.0722475850284496,0.1082910122266421,0.1675806861873418,0.0764585830725749,0.0004939848895614
60,,0.0004680653446317,0.1144207403961346,0.1027331047106566,0.0709557128957105,0.1253940855598745,0.0776703239537,0.0404571575055921,0.000481007266261,0.0363574449626857,0.0497211730452419,0.0425979158660933,0.0004077840595933,0.2144751780519742,0.0774450298250097,0.0357627619016344,0.0005431037072499,0.1148009508229751,0.07811855294284,0.0317557358687116,0.0471298974260323,0.0768645653121513,0.0687279004469639,0.0701702801334458,0.2114121741682382,0.1643731234465912,0.0830889380554061,0.0004425165483034
63,,0.0005343093105984,0.1254538350410851,0.1102525748474297,0.064496728217381,0.1209608868361684,0.0738915106264913,0.0440317474004932,0.0004281025408887,0.040870974319924,0.0543546550765808,0.047294062575035,0.0004802879198766,0.230301883603509,0.0799518050127974,0.0595316861363277,0.000827379412508,0.1243947492373652,0.0856926195903255,0.052183009770427,0.0583218280907469,0.0585538167488676,0.0641594500431387,0.0626696037881602,0.222703744939086,0.1633765055674425,0.074012154978132,0.0010488883701299
65,0.0005007633694079,0.0011195954295021,0.1149604150855263,0.105943484356764,0.0699374560738007,0.1215275333743347,0.0889369418457937,0.0443204877705247,0.0300418098561619,0.0428945334871958,0.0529323610339063,0.0451082317576107,0.0042279212506629,0.2081188636488642,0.0776158994425171,0.083300610371021,0.0009271014616971,0.1338878562827032,0.0781447804547992,0.055906572827458,0.0561156011849381,0.0547428527716401,0.0697542621863904,0.0798488511481559,0.214492764399826,0.1751157179829518,0.0830929549055127,0.0004754487989046
68,0.0360900404320717,0.0005165503689648,0.115719277813655,0.1210471592718524,0.0687242417257457,0.1186045880872978,0.0873508446220729,0.0030315748504475,0.0126757101972473,0.0449180926544677,0.0472130283783852,0.0408850454387919,0.0006653860509893,0.2147374231434058,0.0752643582389301,0.0818785422007893,0.0013539223739035,0.1239417457438299,0.0802237657750456,0.0668433286858317,0.053740847166258,0.0174477532237056,0.0646776076122762,0.0815807724497006,0.2154643757732683,0.0753204209611943,0.0723300185203048,0.000469759409923
71,0.0423185645276206,0.0005943458281489,0.1136189922826572,0.1225139436984072,0.0657478467823052,0.1220844308232953,0.0852039187889342,0.0447047099487865,0.00656730190356,0.043232845051174,0.0410635161531091,0.0456176452686803,0.0004402751304566,0.2213559826379474,0.0757448624337694,0.0890289557777339,0.0004351754406088,0.1166982959734418,0.0824206202144916,0.0671937766639121,0.0637213697861202,0.0466836652862097,0.0742621889354162,0.0777888717452851,0.2203993096727514,0.1546680460446679,0.0759023305650838,0.00055597582853
73,0.0004604501162997,0.0005488374482911,0.1363476207045695,0.1203449772471591,0.0627714518388647,0.1193054527218947,0.083728773109955,0.053332289985666,0.0004588936098727,0.0450475534696896,0.0477681667611304,0.0460576972814885,0.0003362191092754,0.2348763727316167,0.001139484994004,0.0813143344183013,0.0003977776345965,0.0414222955763411,0.0779979889693002,0.0675442246419926,0.0588646265045581,0.0496643090919979,0.0621393523047942,0.0747567081705648,0.2017659931703061,0.1875867928652233,0.075608617885738,0.0005846908672295
76,0.0004884702913783,0.0005383817032073,0.1277441000723292,0.1096377444826713,0.0593954939407975,0.1205642048395527,0.0895530194421246,0.0403411268907424,0.0004756287364509,0.052292355903344,0.0434669260825042,0.04725712786387,0.0003378781080874,0.248396762825286,0.0888905524834544,0.0893599529062624,0.0319774625740701,0.1120537182903636,0.0785429856180813,0.0632073467524925,0.0548898782148237,0.0505212542479371,0.0747151678491674,0.0737939282273737,0.2056266607022282,0.1742730319868714,0.0746024159409824,0.0067214432546746
79,0.0003559353934586,0.0127335160954177,0.0545151558211401,0.1080743280544041,0.0558492810935202,0.1249701702282217,0.0883742972142393,0.0452064141518998,0.0006120234731663,0.0609065603671738,0.042415988761228,0.0444482512543949,0.0002581178562619,0.2094009567794574,0.0760222688613578,0.089077892405989,0.0355679455336177,0.1124885509769812,0.0724875035234205,0.0582623088090971,0.0617855542859093,0.047704932275188,0.0857821378841114,0.0720056423709634,0.2129624105933322,0.1585566849247317,0.0740856147295759,0.0128581956421197
81,0.0203328905894352,0.0134994810006976,0.1050386379588261,0.1084855309223139,0.0518396448765634,0.1219264296015923,0.0864090876737237,0.0440384685469268,0.0005021416596694,0.0647169365874238,0.0448377054862833,0.0409040960103329,0.0003054541756143,0.1955436836223983,0.0792071131237996,0.0876403121425933,0.0336722039277442,0.1064357546269753,0.0793169066598827,0.0740569191948787,0.0520180385056941,0.0509885799526962,0.0782336203696136,0.0333513053639578,0.2055718836338443,0.177855140893959,0.0693296883846407,0.000600751052004
84,0.0403098457854118,0.0130960467200205,0.1128606099909122,0.1166392426514135,0.0486199432742569,0.1298988082052207,0.0852544972748213,0.0440390448316232,0.0005718859210779,0.0693244739113807,0.0390729637529422,0.0445257299520917,0.0002737295642473,0.192357491921912,0.0844797711144476,0.0862027318791977,0.0012027426741925,0.0890779425085093,0.0889732555955305,0.0732982852267283,0.0603114363968265,0.047867924663262,0.073307459528527,0.0752869119155771,0.2091650719677235,0.1889509370236429,0.0733377099499583,0.0004356991617972
87,0.000496958869289,0.0013719116060679,0.103533908869253,0.1273610813053883,0.0439160283622508,0.135386551011399,0.0892630622066017,0.0440581200785638,0.0021711401517718,0.0709406508232791,0.0428346922864577,0.0442146252499889,0.0002716610822104,0.1891713002214257,0.0813446480760949,0.0834451200994429,0.0056357138724055,0.085072053967194,0.0787748636134899,0.0711564517648723,0.0488834995892386,0.0452251006193175,0.071761027569827,0.0855800615390577,0.2089927574403617,0.1799158756644864,0.0736991107508485,0.0004698763305056
89,0.0136506127324116,0.0005941313859594,0.1000193703883467,0.1225693234265274,0.0448244359543415,0.1375243569470514,0.0947591125532245,0.0437366304778921,0.0004246292861928,0.0724747687052339,0.0377069796915817,0.035417418630429,0.0003404182480709,0.2171109446414552,0.0741190384120759,0.0824762819678827,0.0883928892828851,0.0864683127279874,0.0350347838678892,0.0511555501585541,0.0520784416868553,0.0460723162617529,0.0702145956111269,0.0711724642639646,0.21178196960578,0.1550247127555643,0.0763561934203234,0.000504053499214
92,0.000522277172703,0.0005164014421658,0.0965048319074404,0.1088557997234701,0.0426245558258711,0.1395452122224839,0.0775779745412726,0.0441817003835212,0.0005004255732011,0.0703040398315526,0.0416339828042541,0.0424662859005195,0.0002756116812239,0.1824633586577415,0.0786750856254603,0.0805363945589447,0.0746908191581432,0.0717029133487348,0.0755911071181796,0.0487823795579099,0.0497450398930766,0.0388579684268435,0.07211537277243,0.0759774735801909,0.1869033118739859,0.170054181868976,0.0727286821882024,0.000472473690622
95,0.000387345157444,0.0005885566769759,0.1013070536419296,0.1143519042105394,0.0360023640798134,0.146432722320945,0.0788401436865462,0.0426462086367764,0.0003714763259675,0.0696612108193476,0.0401750723928769,0.0326249272783432,0.0002648956618491,0.1607554663726901,0.0719402064951095,0.0789703059722584,0.0824378561898666,0.0894349127932253,0.0734756955626784,0.0577606217465435,0.0442388289038668,0.0346067722200413,0.0761639125527468,0.0698041895639003,0.1909319063957546,0.1493938018296414,0.0759467292124447,0.0091288897629172
