,20,20,20,10,10,10,5,5,5,2.5,2.5,2.5,2.5,1.25,1.25,1.25,0.63,0.63,0.63,0.63,0.31,0.31,0.31,0.31,0.16,0.16,0.16,0.16
0,0.3195555794014526,2.7909192962869316,0.9213428607981791,1.124869640214065,0.35147923878033344,0.40737984611267425,1.276199070796388,0.2598464753144528,1.1789268573847071,1.0920558284013704,2.247145840951662,0.30456995859467845,0.5320355016884845,0.571428571428571,0.6617647058823524,2.384615384615383,1.6176470588235279,1.3970588235294106,1.176470588235293,1.4285714285714275,2.089552238805968,0.8571428571428564,0.915492957746478,0.8823529411764698,0.7352941176470582,0.22058823529411745,0.9285714285714278,1.544117647058822
4,1.2782223176057936,2.5826417368624988,0.5032976608596452,0.28961195960734865,0.42807023708171377,0.7332837230028039,1.6750112804202368,0.21718511369566304,1.3643608177310993,1.2469841639185255,0.4149559081302802,0.21365355304402917,2.3561572217632993,0.7246376811594228,1.7910447761194095,0.22388059701492619,0.8955223880597047,2.500000000000009,1.7164179104477522,0.36764705882353077,1.4925373134328412,2.3913043478260954,1.470588235294123,0.44776119402985237,2.265625000000008,2.500000000000009,0.30769230769230876,1.304347826086961
6,2.0451557081692697,1.7238030947654348,1.9081065164459075,1.757608812834453,2.2168661553217257,2.4718555585667166,1.7039107159002276,1.8372983103041873,1.4063411505843388,1.2655958678575854,0.9397530860597357,0.6315347670860162,1.672111576735215,1.5441176470588016,0.8955223880596888,1.014492753623174,2.4999999999999645,0.6818181818181721,1.4492753623188201,0.5882352941176388,0.9090909090908961,1.2686567164178923,0.27777777777777385,0.2238805970149222,0.5555555555555477,2.3880597014925034,0.36231884057970504,1.307692307692289
9,1.8162203677025606,1.617924229731533,1.0943552079616237,0.3566912002516978,2.249467128194104,0.7148859235009414,2.2198501144909955,1.590317225968215,1.4904158932823157,2.1198730786614552,1.4553526053264645,0.2074606964340536,1.3946327436550565,1.7424242424242176,2.0895522388059407,0.7246376811594101,2.4999999999999645,1.5217391304347612,1.5942028985507022,1.7164179104477368,2.0588235294117356,0.289855072463764,2.391304347826053,1.9531249999999722,2.265624999999968,1.086956521739115,0.6617647058823436,2.391304347826053
12,1.0378402101157487,1.8058889564209317,1.1673122218257317,1.4763914027809406,1.968283737169841,2.6423283557092487,1.5717892967528837,1.7832601247070055,1.512333774065879,0.6144559648294075,1.7861145610824791,1.0682677652201267,1.672111576735215,0.4477611940298444,0.507246376811587,0.8088235294117533,0.37313432835820365,0.942028985507233,2.0588235294117356,0.869565217391292,0.36231884057970504,1.119402985074611,1.4925373134328146,0.36231884057970504,1.5441176470588016,1.8571428571428308,2.463768115941994,0.45454545454544804
14,1.179616595961918,1.617924229731533,0.6105940852626904,0.6327391726204031,0.2771082694152157,1.2119550421851897,1.8075576912658162,1.136828329500716,1.512333774065879,1.5361399120735184,1.4767548495224418,1.4735811232007043,0.664501483741527,0.7352941176470484,0.22058823529411453,2.028985507246348,0.39062499999999445,2.3134328358208625,1.6176470588235066,2.045454545454516,2.3134328358208625,1.7857142857142603,1.6417910447760962,2.0895522388059407,1.8168349429323711,1.4492753623188201,1.2686567164178923,1.3768115942028791
17,2.0155157703697153,1.860612864191263,0.6566131247769741,1.355426560956452,0.21403511854085688,2.0776372151746108,1.8909834308626998,1.2517335585040144,1.4283152310622191,1.9951746622696054,2.1480070538508245,2.350189083484279,1.1235532333793934,1.5441176470588016,0.7462686567164073,0.7462686567164073,2.0588235294117356,0.942028985507233,1.3235294117646872,0.5147058823529339,1.343283582089533,1.7910447761193775,1.335601404740982,1.119402985074611,2.0895522388059407,1.1029411764705728,1.6176470588235066,2.463768115941994
19,0.20058257907046184,1.832842522934677,0.5751973266967374,0.28535296020135825,1.4485204992159002,1.2785459785689914,1.2332500636061086,1.9107902427163548,1.0922410590475793,1.1846349557225782,0.5953715203608264,1.851664126381553,0.45603043001869503,1.6666666666666432,0.2238805970149222,0.5882352941176388,2.10937499999997,1.4999999999999787,1.6935483870967503,1.5217391304347612,1.838235294117621,0.9090909090908961,1.0294117647058678,0.2238805970149222,2.153846153846123,0.7352941176470484,1.1764705882352775,1.811594202898525
22,2.010815407099263,2.3548381562419,1.110688867782025,1.8824777374479,2.147589087968074,1.4070770557797305,0.4715367890258986,2.0070900162218113,0.3410902044327687,1.7718342150006197,2.282257494716501,1.8946043012580487,0.22801521500934752,1.884057971014466,1.2686567164178923,1.014492753623174,1.911764705882326,1.666666666666643,0.5223880597014852,1.985294117647031,2.4626865671641442,1.4705882352940969,0.2985074626865629,1.911764705882326,1.8032786885245646,2.1969696969696657,2.4242424242423897,1.4925373134328146
24,1.1504000858452959,1.779716652704813,0.6013426597283644,1.195173992727513,1.9682837371699806,2.5503271636003992,1.8075576912659443,0.7963454168841402,0.9985539318177296,1.7718342150004935,2.013756612985005,1.5437516528770379,0.7830825565978147,0.5882352941176805,1.5441176470589113,1.2686567164179825,2.500000000000142,0.5000000000000284,0.3076923076923252,1.0869565217391923,2.089552238806089,2.2058823529409883,1.1363636363637009,1.449275362318923,2.463768115941819,2.238805970149381,1.324061510628664,1.0869565217391923
27,1.2034954744227713,1.5439800364196936,1.1106888677819462,0.570705920402757,0.5623667820485659,1.055307791834798,2.2460641255050047,2.4252337696016997,1.6560176592026905,2.1198730786616062,0.6131438045506582,2.2129140952967292,1.7481166484051216,0.8955223880596888,0.5882352941176805,1.5151515151516013,1.349206349206426,1.544117647058692,2.4218750000001377,0.5970149253730834,1.3768115942029768,1.7647058823530415,1.7647058823530415,0.2238805970149381,2.3134328358210268,1.818181818181663,0.2238805970149381,1.7164179104478587
30,0.9081101838513447,1.3082434201345747,1.6536923142532374,1.2687231615106542,1.2653252596092732,0.9673654758485646,1.4146103670776957,0.4157543605031485,2.016445032087982,1.7085544216077402,1.2568954318729448,1.613922182553267,1.2529320905565033,1.0869565217391923,1.2571428571428571,0.2238805970149381,0.6060606060605543,2.500000000000142,0.32258064516130863,0.7971014492754077,2.0454545454546618,1.7647058823530415,0.22058823529413019,0.2985074626865841,0.9558823529412308,1.3043478260870307,1.4705882352942012,0.5147058823529704
32,0.31492433912029033,1.2604151660649594,1.2587807168196283,0.36201494950921154,1.4762128028774855,0.7914808438760984,0.323883855088496,0.4920764170206348,2.387631431029551,1.3921554546434427,1.4987959666793866,0.21365355304404052,2.280152150093637,1.6911764705883314,0.22058823529413019,0.21739130434783846,0.7142857142857548,1.2878787878788611,2.3846153846155205,1.6666666666665244,2.0289855072464924,1.76923076923087,0.8571428571429058,0.5072463768116231,1.4393939393940212,1.9696969696970816,0.2898550724637846,1.5942028985508154
35,1.3226822243050316,2.02240528716456,0.5836561109128243,1.2308508283313193,2.0090349532604566,0.6155962119036321,0.7073051835388479,1.283947289789135,1.9044203080830941,1.8433678944882221,1.2944146984958338,1.8516641263814215,0.38002535834893947,0.21428571428572646,1.1594202898551385,0.44117647058826037,1.2991718426501775,0.9420289855073,0.3846153846154065,1.8382352941177516,1.4925373134327087,1.8939393939395015,1.3043478260869381,1.9402985074627968,1.5671641791045667,2.426470588235087,1.5714285714286609,2.2307692307690403
38,1.5338667811270612,2.2163182646985735,0.44427554711281,0.6327391726204031,0.8561404741633667,1.5191325874396082,0.4715367890258986,2.282572959625129,2.6434490843541454,1.7457778294857804,2.24819395001924,1.590532005994524,2.543153826664923,2.101449275362289,0.36231884057973074,1.2318840579710846,1.8840579710146,1.6176470588236214,0.9735576923077476,1.9852941176471717,1.9117647058824616,1.7857142857143873,1.0869565217391923,0.4347826086956769,2.279411764706012,0.793650793650726,1.9402985074626589,0.29411764705884025
40,1.4939223337018774,1.666220475395279,2.37268897262421,0.9842609351873637,2.179171280438193,1.6084933278772322,2.4291289131637197,0.7963454168840837,2.6885933761173093,1.659031105039518,0.9922858672681145,1.5667927223229638,0.22471064667589466,2.426470588235432,1.3768115942029768,0.522388059701448,1.4615384615383369,2.205882352941302,1.5625000000000888,0.5303030303029851,0.21739130434783846,1.6911764705883314,0.8823529411765207,0.28571428571430196,1.4285714285714082,0.6521739130435154,1.5671641791044553,2.1641791044777348
43,1.7895112446482382,2.4160196893231545,0.3702296225940083,0.6327391726204481,0.2108875432682122,0.2518348139605768,1.8075576912659443,1.7374809095653967,0.44634850970697515,1.5975855085565727,1.4987959666795996,0.842046356114748,1.7742079416648995,0.6716417910448143,2.1014492753624383,1.5441176470589113,0.7971014492754077,1.0714285714286325,2.4603174603176,0.2238805970149381,1.956521739130546,1.7391304347827077,2.0149253731344428,2.388059701492673,2.426470588235432,2.3134328358210268,1.3235294117647811,0.5970149253731682
45,0.9586667382044133,2.2163182646985735,1.2587807168196283,0.35669120025172313,0.2108875432682122,0.43284108649474135,0.4715367890258986,1.4479007579711638,0.8108664593010048,1.5187150414292103,1.879506172119605,1.3531391692789232,0.2215004945805247,0.8823529411765207,0.5072463768116231,0.5882352941176805,0.4477611940298762,2.500000000000142,1.102941176470651,1.4925373134329205,0.9848484848485408,1.7647058823530415,1.5441176470589113,0.22058823529413019,1.2857142857143589,2.3913043478262233,1.3432835820896285,0.3731343283582301
48,0.18895460347217422,1.0148797441043973,1.3660936509048482,1.3910956809817203,0.6145865546673613,1.4270639457766017,1.257431437402396,1.8545905296954175,1.1753844088950345,1.6059644535315196,0.5953715203608686,1.9362998333846382,1.5961065050655459,1.5671641791045667,1.8382352941177516,0.5303030303030605,0.5970149253731682,2.279411764706012,1.1111111111111742,2.2727272727274017,0.7462686567164603,1.7647058823530415,1.6417910447762127,2.132352941176592,1.6666666666667613,0.9558823529412308,2.3134328358210268,0.5147058823529704
51,0.4113102732146822,2.1033014986511422,1.4591402772822681,2.4255001617117173,1.9555026739416042,1.072328885251488,1.515486396570798,0.8208483527882677,1.5399023584890643,1.5361399120736277,1.2855285564010794,1.6359757775943675,2.4321622934332128,1.5217391304348693,2.500000000000142,2.424242424242562,0.2238805970149381,1.7164179104478587,1.2307692307693008,0.2985074626865841,1.8115942028986538,2.0588235294118817,1.212121212121281,1.6666666666667616,0.6617647058823906,0.2238805970149381,2.3571428571429913,1.4393939393940212
53,0.6336659429571903,1.0516507493255711,0.5836561109129073,0.2140147201510339,1.4762128028774855,1.8179325632779135,2.313110815818587,0.6419736448945675,1.904420308083094,1.4132487191077374,1.9756855924412902,1.122728474819664,1.388510563042095,0.2238805970149381,1.8181818181819214,0.5147058823529704,0.9848484848485408,1.3043478260870307,0.9375000000000533,1.0294117647059409,2.10937500000012,1.7910447761195047,1.0869565217391923,1.9852941176471717,1.4925373134329205,1.5217391304348693,0.6153846153846504,2.279411764706012
56,0.8560216126996983,0.5074398720521986,1.33282664133843,1.9974707214096497,0.28118339102428297,0.7914808438760984,0.8644841132141473,0.7239503789855819,1.3184448286729114,1.5587302048982397,1.455352605326568,0.9122168857909769,2.3141842717368255,0.8088235294118107,1.7910447761195047,0.8823529411765207,1.0294117647059409,1.2878787878788611,1.953125000000111,1.7164179104478587,0.9285714285714813,1.7857142857143873,2.462686567164319,2.0454545454546618,1.8181818181819214,2.318840579710277,1.8939393939395015,1.7391304347827077
59,0.3195555794014711,2.4160196893231545,0.9213428607982321,1.6170001078078118,2.0385795849260515,2.1642054324737066,1.3941087675548305,0.831508721006297,1.4994078443731147,1.5361399120736277,1.879506172119605,2.1131353793927246,2.204147078423849,1.8840579710146,1.1594202898551385,1.2318840579710846,0.7857142857143304,1.9402985074627968,1.2857142857143589,2.1082089552240006,2.238805970149381,1.8840579710146,1.102941176470651,0.5072463768116231,2.0289855072464924,1.250000000000071,2.500000000000142,1.0869565217391923
61,1.7256001287679439,2.631438193642116,0.6566131247770207,2.282823681611028,2.1003547238632043,1.298523259484224,2.200505015454193,0.6419736448945675,1.6803708600733183,1.5141950561868616,0.46306673805845344,0.48407495834615955,0.38002535834893947,2.2727272727274017,2.323943661971963,1.0294117647059409,2.4218750000001377,0.9848484848485408,2.0312500000001155,2.500000000000142,2.500000000000142,1.5942028985508154,1.2318840579710846,0.9420289855073,0.6617647058823906,0.6923076923077317,2.0000000000001137,0.9701492537313984
64,1.3237347789145788,1.916153546704571,1.2941939850677509,2.1794349279148766,1.5465086506335561,0.3409455942850886,1.9142986061946925,1.3356359890560086,1.8216194251229598,1.6210794130941693,1.0740035269254884,0.20746069643406836,1.828798955254589,1.5671641791045667,2.0149253731344428,0.6617647058823906,0.2985074626865841,0.2985074626865841,1.7647058823530415,2.424242424242562,1.0447761194030445,1.8382352941177516,1.8656716417911507,0.29411764705884025,1.3432835820896285,1.8115942028986538,2.0714285714286893,1.1538461538462195
66,0.9218694290612136,0.41655511884881974,1.5098929825790428,0.7733478776472144,1.1950294118532026,0.2638269479586995,1.16901828946004,0.998625669835994,0.6721483440293273,1.5141950561868616,2.2481939500193997,2.10511589028687,1.174623834896722,1.8382352941177516,0.6818181818182205,0.29411764705884025,2.1969696969698216,1.9852941176471717,0.3676470588235503,1.6406250000000933,1.3768115942029768,1.7910447761195047,0.6428571428571794,1.3235294117647811,1.1594202898551385,2.348484848484982,0.29411764705884025,1.2686567164179825
69,0.263391265446061,0.4853772689194944,1.2941939850677509,1.2127500808558587,1.4269007902724804,0.4397115799311658,1.964736620941244,0.998625669835994,2.56682737176417,1.5747628584343358,0.48411522615201946,1.754263241905725,1.0963155792369406,1.9117647058824616,2.426470588235432,0.2985074626865841,1.7391304347827077,0.8823529411765207,0.30303030303032025,0.3787878787879003,1.136363636363378,1.7647058823530415,1.5909090909091812,0.2238805970149381,2.426470588235432,1.5909090909091812,1.2686567164179825,0.29411764705884025
72,1.470938913183387,2.537199360260993,1.2941939850677509,0.9139565826739805,0.7620477408918973,2.5104783016694996,1.650378761590645,0.998625669835994,0.5041112580219955,0.4987936655674367,0.19845717345362288,0.210511589028687,1.348263880055368,1.7391304347827077,1.2878787878788611,1.3768115942029768,1.0869565217391923,1.2686567164179825,1.3432835820896285,0.45454545454548034,2.500000000000142,1.5217391304348693,1.7164179104478587,0.8823529411765207,1.2878787878788611,2.142857142857265,1.3571428571429343,2.500000000000142
74,1.018583409342189,1.993513783062209,2.4805384713798557,0.3515217625669156,0.27710826941523536,0.7914808438760984,0.4715367890258986,0.8687404547826983,0.952210154041547,1.5587302048982397,0.26460956460483054,1.4955748713082837,0.7600507166978789,1.8656716417911507,0.5303030303030605,0.2898550724637846,0.29411764705884025,1.3970588235294912,1.0000000000000568,1.7187500000000977,0.6896551724138323,1.3235294117647811,0.5000000000000284,2.462686567164319,1.7187500000000977,1.3768115942029768,2.426470588235432,2.500000000000142
77,0.7967585779743346,1.7238030947655572,0.977181822058731,0.7733478776472144,0.6421053556226163,1.6194915728541708,1.8345361642699138,1.0544494650442173,1.1592123614418834,1.4746943155906826,0.6432579527613698,1.5213784405165014,1.8513474173894604,1.0714285714286325,1.5671641791045667,0.8088235294118107,1.746031746031845,1.102941176470651,1.0156250000000577,0.9166666666667188,1.5441176470589113,1.7647058823530415,1.5942028985508154,2.1739130434783847,1.0869565217391923,1.5441176470589113,1.6176470588236214,0.5384615384615691
80,0.20695027999333365,0.24625758496650818,1.1087255288743296,0.9987353607048248,0.2108875432682122,1.19330957999781,2.279094480291843,1.0135305305798148,1.008222516043991,2.0277046839371886,1.0219063409179088,0.9258320631908422,1.8725887222991222,1.8115942028986538,0.3731343283582301,0.5223880597015222,0.3731343283582301,0.2898550724637846,2.10937500000012,1.278645833333406,2.089552238806089,1.8939393939395015,1.7647058823530415,1.3970588235294912,1.5671641791045667,0.5147058823529704,1.4393939393940212,2.0289855072464924
82,1.822497627038067,1.1325469608121537,1.2402692356899279,1.2509311107417451,2.069006145895097,2.2161463628530758,0.3098019483455179,1.0135305305798148,1.1426521848498565,0.24939683278371835,1.0584382584193222,0.6315347670860609,1.5961065050655459,1.6901408450705184,1.1940298507463365,2.089552238806089,1.8840579710146,2.205882352941302,2.500000000000142,1.6406250000000933,0.5970149253731682,1.7391304347827077,0.7971014492754077,0.9701492537313984,2.4603174603176,0.7246376811594615,1.7142857142858117,0.7352941176471006
85,1.5421133767240802,1.3460891661331311,0.934695655881999,1.5031268607786654,0.28118339102420303,0.5966547899987353,0.32388385508840395,1.0544494650442173,1.6323602640712236,1.4746943155906826,1.2082539677911746,2.065317679425725,0.9120608600374548,1.8382352941177516,0.8593750000000488,1.3235294117647811,1.1718750000000666,2.318840579710277,0.4838709677419629,2.416666666666804,1.9402985074627968,1.7647058823530415,1.102941176470651,2.121212121212242,1.5000000000000853,0.2898550724637846,1.3235294117647811,0.9701492537313984
88,0.8023303162816192,1.5596313714541086,1.2757054995664205,0.2812174100534526,2.038579584925472,,2.672041804479332,1.0135305305795268,0.579606180720777,1.5187150414287787,2.2822574947160144,0.6409606591319394,1.7742079416643952,2.2388059701487446,1.5671641791041213,1.4925373134324964,0.6617647058822025,2.1323529411759856,1.7692307692303668,2.2239583333331714,0.5303030303029097,1.838235294117229,0.9420289855070323,0.3731343283581241,0.9420289855070323,0.5072463768114789,2.463768115941469,1.1194029850743723
90,1.5521270999495613,0.40448105743279705,1.2222943192303062,0.9966675856306186,1.5933725491371507,,1.4521966328692024,0.9988416823102583,0.9242039730400623,1.6834286212896206,0.9537792515231106,0.34576782739001566,2.356157221762755,2.1323529411759856,0.5223880597013738,0.5147058823528241,1.507936507936165,0.5303030303029097,1.328124999999698,2.031249999999538,1.0144927536229578,1.818181818181405,2.4264705882347424,0.8695652173911067,0.9558823529409591,1.4925373134324964,1.5217391304344368,2.4999999999994316
93,0.7624483999752231,1.2787379715696854,1.2222943192303062,1.7121177612077845,1.1084330776606266,,0.23235146125907238,0.9841528340409897,1.6201784710553062,1.351803122624408,1.1411287473580072,1.47358112320039,1.409548601875666,1.76470588235254,1.4925373134324964,2.2463768115936924,2.1323529411759856,2.1323529411759856,1.615384615384248,1.5441176470584723,2.16417910447712,1.7910447761189958,2.318840579709618,0.43478260869555335,2.1428571428566556,0.6818181818180269,0.8088235294115808,1.3970588235290942
96,0.882772288096313,2.152994885706574,2.0427963881945947,1.64077952115746,1.2653252596089137,,1.7547737223446362,0.9411354926809892,1.076411478481443,1.9951746622691797,1.8394314136517131,2.074606964340094,1.7481166484046247,0.7971014492751811,2.4999999999994316,1.4285714285711038,,0.3731343283581241,1.1718749999997335,1.545454545454194,0.8088235294115808,1.76470588235254,1.3970588235290942,1.76470588235254,0.6923076923075349,1.1764705882350266,1.5151515151511707,0.29411764705875665
