,12,12,12,6,6,6,6,3,3,3,1.5,1.5,1.5,0.75,0.75,0.75,0.75,0.38,0.38,0.38,0.38,0.19,0.094
0,0.2148644480356195,2.8844299486933833,1.6512327157571927,0.6712279021453635,0.8597474486926608,1.6356413847064337,,1.4002935101880833,0.7322925667447213,1.5304438123291348,1.436520340493427,2.2013511586304655,2.1581684560016723,1.465517241379309,,0.8181818181818173,1.6666666666666654,0.21739130434782594,2.499999999999998,2.028985507246375,1.5909090909090895,1.5217391304347816,1.4492753623188395
4,0.23485183855055775,0.2704153076900059,1.562537929882242,1.3773596552022918,1.7831798935847465,2.068795427296684,0.32331949127274257,1.1669112584900743,0.3302495889240915,1.898050414310161,0.8744036855177421,2.032016454120439,0.5179604294404037,1.7105263157894797,1.7968750000000064,1.6428571428571488,2.384615384615393,1.8840579710144993,1.4285714285714337,1.9696969696969766,0.645161290322583,1.5942028985507302,0.42857142857143016
6,1.468891499298034,0.6309690512766692,1.6512327157571705,0.720840399260446,1.942932087441007,1.7929560369904278,2.0207468204546055,1.1669112584900538,1.0457903649262712,2.228146138537976,1.90811901560183,1.2761455992060502,0.6225989000344135,2.4626865671641442,2.265624999999968,2.4626865671641442,0.7812499999999889,0.2307692307692275,1.2939958592132448,2.0833333333333037,2.384615384615351,1.7647058823529163,1.5909090909090682
9,0.3658923571621009,1.2095996559036608,1.5414743058274294,0.970775876386341,2.1215658435400604,1.7754587622321973,2.5754616339127323,1.5392932336258502,1.7128199018774608,2.6407657938227858,0.9009007668970516,1.3142394976898129,0.2589802147201973,0.8208955223880481,2.2413793103447954,1.9402985074626589,1.5624999999999778,1.343283582089533,1.159420289855056,0.31746031746031295,0.2419354838709643,0.3676470588235242,2.3437499999999667
12,1.756283314378084,1.4651072755267784,0.4021237319549815,0.7423580231189666,1.6613477269423103,1.8464771127214852,1.9865650334419405,1.1669112584900538,0.7098468175724598,2.3451576825739666,0.7840806674532581,0.7811246046753162,0.2589802147201973,1.8656716417910182,1.3333333333333144,1.1940298507462517,0.9374999999999867,0.5882352941176388,2.348484848484815,1.769230769230744,1.5873015873015648,2.4999999999999645,0.2985074626865629
14,1.442661293953426,0.4578460236021183,1.2429278987699428,1.1363788200051874,0.8766052418042661,2.0186428108773344,1.9289834382697104,0.8288502027216117,1.2659567575423283,0.7319513885052287,1.374062934384999,2.049533837345579,1.3417641600741648,2.4999999999999645,1.9047619047618776,0.6617647058823436,0.6349206349206259,1.343283582089533,2.3571428571428235,1.9531249999999722,0.23437499999999667,1.5217391304347612,0.22058823529411453
17,0.2970185016962936,1.0816612307600044,0.5361649759399754,1.5303996168914082,1.3486234489296403,1.9764953236172584,,0.8288502027216117,1.3018534519905982,2.558241862765824,0.9848356209557831,1.5878598521268723,1.5538812883211834,1.4492753623188201,1.5624999999999778,0.579710144927528,0.8095238095238194,0.7462686567164073,1.4492753623188201,2.045454545454516,1.5873015873015648,1.5909090909090682,0.22058823529411453
19,1.9306202610259087,1.295219986576723,1.5851834071268835,1.800470137519304,0.752813686417441,2.3791147413911444,,0.8288502027216117,0.7262204890768449,2.4657150309746845,0.5460561791192333,2.0894180488695664,1.381227811841052,1.119402985074611,0.2380952380952347,1.159420289855056,0.984126984127013,0.7462686567164073,0.955882352941163,2.153846153846123,0.31249999999999556,2.2058823529411455,1.6428571428571195
22,1.9594354888024146,1.508778742393442,2.1267877378950844,0.7423580231189666,0.20229351733944603,0.8522202058714548,,0.914964509497883,0.32546336299764955,1.2753698436075953,0.9508440929936899,1.0482624564906096,1.245197800068827,0.942028985507233,0.5645161290322501,0.955882352941163,1.1587301587302066,1.2307692307692133,0.8823529411764581,2.463768115941994,0.5737704918032706,0.44117647058822906,0.7352941176470484
24,0.5178784132140136,1.686282123851614,1.5448821340644454,1.7131338995053078,0.6645390907769713,2.137755274873354,,1.1416572088660961,0.7820836036212176,0.335022526082019,1.8737221832524042,2.134643547762999,1.38122781184115,0.9090909090909607,1.5079365079365936,2.0588235294118817,1.3333333333334,1.8840579710146,1.6666666666667616,1.8181818181819214,1.6406250000000933,2.132352941176592,0.23076923076924388
27,2.1764286762229963,1.2819688660860222,0.8042474639099059,0.3938528425823757,0.9440364142508151,2.137755274873354,,0.7811338797504314,0.16273168149883635,1.3228462978385602,1.4157012051238376,1.0006141630139058,1.8128615030415094,0.37313432835820365,2.0312500000001155,1.5942028985508154,1.5079365079365936,0.7352941176471006,0.5882352941175969,2.0289855072464924,1.5625000000000888,1.0447761194030445,0.8208955223880481
30,0.4455277525444721,1.4469280951779737,0.20106186597750503,0.970775876386272,1.517201380045953,1.049609444731462,,1.3820060949431692,0.6868234204436182,2.3106700695951017,1.186690716059856,1.400859828219269,2.935109100162444,1.5671641791045667,0.3076923076923252,1.4285714285715099,2.3437500000001332,0.8208955223881064,1.9852941176468895,2.426470588235432,1.6406250000000933,1.4393939393938167,1.3970588235294912
32,0.29701850169627253,1.611887324269925,1.020313946751518,1.0659499819143976,2.090366345841091,2.156072734385878,,0.8539668755312968,1.2109151593883998,0.8252393105696791,0.43086558416818577,1.314239497689906,1.7265347648011922,1.6176470588236214,0.22058823529409882,0.2898550724637846,0.6153846153846504,1.6176470588236214,2.352941176470722,1.5671641791045667,1.6406249999998601,0.5882352941176805,1.4111705288175997
35,0.22276387627223604,0.9013843589667344,1.2510516105265204,1.1611240874425228,2.2231853218717332,2.0687954272967946,,0.7584923180185887,1.3901935076614875,1.2563344728075714,2.031223468221447,1.6427993721123826,1.2085743353610063,2.463768115942169,0.6250000000000355,0.522388059701448,2.1428571428572645,1.5909090909089552,1.2318840579710846,1.7605633802817902,1.5079365079365936,0.5000000000000284,1.425282234105708
38,1.8087096819715882,0.9013843589667344,0.1898917623120701,1.2562981929706483,0.23315185049290427,1.9592709634987289,,0.4025843841790742,1.5641672072425465,1.6751126304098571,0.9993184977346157,1.3799514725744015,2.158168456001797,0.9701492537313294,0.4032258064515786,0.7352941176471006,1.0447761194029703,2.4615384615386016,2.463768115942169,2.0588235294118817,0.6349206349206259,0.5882352941176805,1.4393939393938167
40,0.5940370033925451,1.1348576847317273,0.20715464979497575,0.4372570333975763,0.7974469089322522,0.5597917038567797,0.7106781088362596,0.867104827462609,1.787619665419926,1.7330025521963264,1.1866907160596873,1.1171035730364203,2.3656103195339098,1.5441176470589113,1.2698412698411616,1.5454545454544135,2.0289855072464924,2.352941176470722,2.238805970149381,1.6176470588236214,1.6923076923077887,2.462686567164319,1.369696969696884
43,0.8781416571891044,1.3309544170200387,1.4074330618425352,0.9384525952636661,0.40758397567652954,1.9174954632109094,3.502627822121565,1.321918873423901,1.452440978153793,0.6413288356427221,0.3077611315487041,0.258982489250658,1.5840271334210014,1.5909090909091812,0.70312500000004,2.318840579710277,1.956521739130546,0.3676470588235503,0.3731343283582301,1.7910447761195047,1.5873015873016774,1.6176470588236214,1.2999999999999512
45,1.3705282292558523,1.52705114930835,1.0053093298875253,0.8317389222236506,1.9271633632532168,0.3550917524464647,1.077731637575968,0.7210466582312187,1.3407147490650397,0.6601914484557433,1.0547813326714675,1.339952879166448,1.5352878370080476,2.089552238806089,0.2985074626865841,0.9701492537313984,0.7462686567164603,0.6818181818182205,1.2159789288850558,0.8695652173913538,1.7187500000000977,1.0869565217391923,1.2303030303030185
48,1.975818728675485,1.9229532991290335,0.9907396294543728,1.1420892663369528,0.3275228375972216,1.2412772563780767,1.3587116716582222,0.7929692415648882,1.871414337236618,1.98057434536723,1.8018015337942312,1.658989278967983,0.4734046935745877,0.8823529411765207,1.0447761194030445,1.1594202898551385,2.500000000000142,1.0246697746697682,2.0588235294118817,2.426470588235432,1.538461538461626,1.7647058823530415,1.1606060606060857
51,2.5246572644186753,2.0977672354134906,0.19814792589087454,1.4628819867345384,1.437189764978853,0.42611010293575763,1.6396917057404758,0.7811338797504869,1.12878960023796,0.7319513885052806,1.9986369954692313,1.978025678769518,1.5553745512081019,1.5671641791045667,0.6451612903226173,1.6417910447762127,2.0289855072464924,1.3675213675213156,0.2985074626865841,0.5072463768116231,1.846153846153951,0.5147058823529704,1.090909090909153
53,1.3172124857836567,2.253460897416836,0.8586410121937896,1.8844472894559725,0.34737270654250774,0.6206386281890384,1.9206717398227298,1.050220132641123,0.6737091614051824,1.5913569988895901,1.287001095567308,1.5723936847361377,2.6373444088416163,0.5882352941176805,1.0317460317460903,1.4179104477612745,2.1739130434783847,0.36231884057973074,0.6617647058823906,2.500000000000142,0.8593750000000488,0.8823529411765207,1.2307692307693008
56,1.2623286322093377,2.7470761416129044,2.278701147745057,1.6560294361885817,1.5056273728349887,1.3102371039546366,2.2016517739049837,1.2017444303853644,0.4408220438824033,2.763935840176657,2.123551807686058,1.4880769219314465,0.6042871676805032,1.4925373134329205,1.6666666666667613,1.8000000000001022,0.22058823529413019,2.462686567164319,2.388059701492673,1.1194029850746905,1.6666666666667613,1.4705882352942012,1.538461538461626
59,0.22608871024644853,0.5852466562566624,0.5944437776726236,1.586389846777792,1.3200162848615293,2.2349259691857792,1.254672652700262,0.9613955443082915,0.2079349263596242,0.24757179317090375,0.7606752743950059,1.403760159126755,1.9855149795216531,1.6911764705883314,2.016129032258179,0.2238805970149381,1.6176470588236214,1.1594202898551385,0.2898550724637846,2.1641791044777348,1.250000000000071,2.0149253731344428,1.8548387096775247
61,1.2811693580632082,1.6721333035904637,2.17962718479962,0.1663477844447301,0.6159384707052227,1.5624037107644448,2.163387772486849,0.23004821953091265,0.5027680308993899,2.6024938257965538,0.38033763719750296,1.1654212016279608,0.3453069529602875,0.2238805970149381,1.76923076923087,0.22622601279317034,0.6521739130435154,0.5223880597015222,1.6176470588236214,1.6428571428572363,1.9402985074627968,1.8840579710146,2.3387096774194878
64,1.1304435512322426,0.6118487769956016,1.9435980377825488,1.885274890373608,0.21163014121666623,0.9232385563608082,0.6567427166477934,2.0129219208954856,0.33517868726625993,0.2404983133660208,1.3311817301912603,1.850411118848904,1.8128615030415094,1.5441176470589113,0.39682539682541934,0.22857142857140259,1.9117647058824616,1.0000000000000568,0.8955223880597524,0.21428571428572646,2.096774193548506,0.6060606060606405,1.9295101553167167
66,1.4850925084815736,1.1348576847318885,0.345257749658342,1.6879407539244673,0.26972468978594716,0.20992188894629238,1.522881661791985,0.18026166455780468,0.4953743833861636,1.5231559846514648,1.186690716059856,0.25522911984122815,0.25898021472021565,1.4285714285715099,1.1111111111111742,1.6346153846150129,2.463768115942169,2.2463768115943306,1.9852941176471717,1.7164179104478587,2.500000000000142,0.7352941176471006,1.5203106332139456
69,1.2440340143512314,2.799593773731975,0.3962958517817491,1.9129995211143962,0.5316312726215771,0.6297656668388771,0.9705529396793695,1.3616824758998873,1.7900484964872,1.9263795249716094,1.2925967525045574,0.19142183988092112,2.297041904474956,1.102941176470651,1.9841269841270968,2.205882352941302,0.5882352941176805,1.1594202898551385,1.6666666666667616,1.5217391304348693,1.904761904762013,1.7647058823530415,1.1111111111111742
72,1.5593471339056524,1.1704933125133248,2.1135778761693285,1.0278803397032577,2.192978999564006,0.42611010293575763,0.418224217566754,1.5021805379817055,1.0055360617987799,1.4854307590254225,0.37474443665048085,0.517964978501316,1.6164368957416357,1.4705882352942012,1.6129032258065432,1.4615384615385447,0.6818181818182205,1.176470588235361,1.363636363636441,0.22727272727274017,0.24590163934427628,0.7246376811594615,1.4285714285715096
74,0.3712731271203934,0.4944737054903228,1.1393505738725285,1.2753330140762642,0.6843760785613584,1.7493490745524365,0.6970403626112567,0.9335290067921093,0.16512479446205452,1.4454191560887109,1.723462336672743,1.400859828219468,0.25898021472021565,1.5671641791045667,1.9230769230770324,2.462686567164319,0.8333333333333807,1.0144927536232462,1.0294117647059409,2.463768115942169,1.6935483870968704,2.089552238806089,1.250000000000071
77,1.8087096819715882,1.952537196038711,2.176669753069905,1.6560294361885817,0.3275228375972216,0.6895984757655982,0.9758565076557594,1.4420933164624374,1.1933656643248,2.680180208656152,0.6155222630974082,0.5256957990759624,1.4894583493361655,1.5441176470589113,1.1959134615385296,1.6666666666667613,1.3235294117647811,1.7391304347827077,1.212121212121281,2.500000000000142,0.5468750000000311,1.3235294117647811,0.31250000000001776
80,1.3705282292558523,1.8161225602885316,0.7372268419175185,0.33758815078489346,0.6068805520183812,1.0196206034534203,1.254672652700262,1.8670580135842185,0.16273168149883635,2.3585100296281265,1.061775903843029,2.0071142916925995,2.5898021472021564,0.22058823529413019,0.46875000000002665,2.0289855072464924,1.1940298507463365,1.250000000000071,1.7647058823530415,1.956521739130546,1.6153846153847073,1.5441176470589113,1.5625000000000888
82,1.9306202610260457,,2.077639281767552,1.7743763674104547,1.9651370255833296,0.9942569068501013,0.3184207111019604,0.6193605910447648,1.7358046026542544,2.5582418627660055,1.5213505487900119,0.6380727996030704,0.4253781304583252,1.9117647058824616,0.8593750000000488,1.9117647058824616,0.29411764705884025,2.205882352941302,0.6716417910448143,1.3970588235294912,1.7187500000000977,1.6911764705883314,0.31250000000001776
85,1.3365832576334162,,1.3404124398500337,0.942637445186804,0.3275228375972216,1.7493490745524365,1.463784761483639,1.9837491394332323,1.4025921119661608,0.24757179317090375,0.36931335785844494,1.1485310392855268,0.35046078807909775,1.449275362318923,1.7968750000001021,2.463768115942169,0.29411764705884025,0.6716417910448143,1.1940298507463365,1.7164179104478587,1.6406250000000933,0.4477611940298762,2.1428571428572645
88,2.163991940929678,,1.4744536838346178,1.7743763674099504,0.9726435783187452,1.9174954632103647,2.4018019351683906,0.6512394449954131,1.0693796212780675,0.5344406963688845,0.43720184275877005,1.6589892789675116,1.1222475971206154,2.016129032257606,0.3906249999999112,2.101449275361841,1.1194029850743723,1.2686567164176221,0.4687499999998934,1.716417910447371,0.5555555555554292,2.3880597014919944,1.3709677419351722
90,1.6579838751401514,,1.1048247989063804,1.069029144151859,1.6376141879856425,1.8193230375340168,1.8274579941498625,2.0129219208949136,1.3209983556960607,1.389545810558887,1.264529423672221,2.075559663851112,0.9495941206405208,2.265624999999485,2.2580645161285187,1.5942028985503622,1.6176470588231615,2.16417910447712,0.5747126436781391,1.0447761194027476,2.1093749999995204,1.5441176470584723,0.9523809523807358
93,0.22608871024638427,,0.39629585178163645,1.219883752594341,0.6743117244646764,0.2196105915129819,2.436610658866483,0.8168378809428635,1.005536061798494,2.2446509247488895,2.091857004585672,0.3884737338758765,0.7769406441604261,,0.4687499999998934,1.5671641791041213,2.16417910447712,0.7352941176468917,0.4285714285713311,1.9117647058819183,1.328124999999698,2.352941176470053,1.1904761904759198
96,0.52754032390823,,2.2787011477444095,0.6189116097721288,1.4619859997089215,0.6297656668386982,1.986565033441517,1.7761075772602177,0.8938098327097725,2.558241862765278,0.3747444366503743,2.041832958729245,1.5538812883208521,,0.538461538461416,1.4492753623185113,1.7424242424238463,2.4999999999994316,0.6521739130433301,1.716417910447371,2.3809523809518396,1.3970588235290942,1.4062499999996803
