,1.5,1.5,1.5,1.5,0.75,0.75,0.75,0.75,0.375,0.375,0.375,0.375,0.1875,0.1875,0.1875,0.1875,0.0938,0.0938,0.0938,0.0938,0.0469,0.0469,0.0469,0.0469,0.0234,0.0234,0.0234,0.0234,0.0117,0.0117,0.0117
0,0.7293243542035935,2.0812654558999664,1.4002495256151943,0.8506248580852908,0.44826295745829164,2.080881833418014,0.22567299683122002,2.475903092808774,0.8468884555007311,1.3312450671945124,1.2723433133944297,1.566615122326906,1.63115445778188,0.8188924780995928,1.413781066914303,1.7393207364995282,0.5147058823529407,1.7647058823529396,0.29850746268656686,1.1363636363636354,1.2878787878787867,1.8253968253968238,2.0149253731343264,0.5147058823529407,1.1194029850746272,0.892857142857142,2.028985507246375,0.23809523809523786,1.2878787878787867,1.1940298507462674,1.6406249999999984
3,1.366562300048134,2.0499854398838564,1.277981360516176,1.049103991638517,0.4896990291561191,1.3241975303569238,1.9270703945097065,1.583336147125367,0.8967054234713704,1.4550230715446728,2.16298363277054,1.6219074207619804,1.6551420233375034,1.9241109974927577,1.4137810669143096,0.7120460157951192,0.3731343283582103,1.2878787878787925,1.7647058823529476,2.1641791044776197,1.343283582089557,1.9047619047619118,1.2500000000000044,1.4925373134328412,1.194029850746273,1.268656716417915,1.8382352941176536,1.9402985074626935,0.5223880597014945,1.1764705882352984,1.8203124999999938
15,2.0038002458926747,2.018705423867747,1.155713195417158,1.2475831251917433,1.3244132833994804,0.4396229225530957,0.9026919873248682,2.859457817942777,0.5730824134967304,1.879404800745169,1.1912083774678126,0.4557425810405483,1.871030113338014,1.6093207791529216,2.2322858951278173,1.847243956801783,1.343283582089533,2.1323529411764404,2.4615384615384266,0.9374999999999867,0.22058823529411453,0.5737704918032706,0.6923076923076825,2.0149253731342998,1.7424242424242176,2.0833333333333037,0.9701492537313294,0.869565217391292,0.44117647058822906,1.2878787878787694,1.9999999999999893
17,0.4317890455235148,2.0812654558999295,1.6555891449920532,0.24768194397189022,1.4690970874683313,1.7442685956591946,1.3147905032775256,2.1990779821185265,0.1893663627206587,0.46985120018629223,0.8651934531082006,0.3741170441377636,1.7990674166711673,1.9158580704201449,1.806318296782171,2.304690002815079,1.4437006145741673,0.7352941176470484,1.8032786885245646,2.071428571428542,1.5217391304347612,1.4516129032257858,0.5714285714285633,1.893939393939367,2.384615384615351,1.71428571428569,2.214285714285683,1.1538461538461375,1.6935483870967503,1.231884057970997,1.838235294117621
20,0.876662607578045,1.9866624806317508,2.0206677769646597,2.724501383690792,1.8920189762849722,1.652464985361342,0.37612166138536174,0.5122558123052569,0.1921511621724331,0.8481416536696147,0.45196672923562725,1.047527723585738,2.224301533338898,1.510473609142839,1.9508237605247447,0.9637794557226694,1.5441176470588016,0.3676470588235242,1.4705882352940969,0.8823529411764581,1.5909090909090682,1.0769230769230616,0.5882352941176388,1.4492753623188201,1.3970588235293921,1.5441176470588016,2.4999999999999645,1.2790697674418423,1.6911764705882115,1.1940298507462517,0.4761904761904694
22,0.5551573442445189,0.39733249612635013,1.330237049334411,1.403531015840711,0.9793980583122209,0.6722849000273493,1.7788342103166523,0.3415038748701712,1.0248061982529766,1.352375941276947,0.8777324886604935,1.7209384030337125,1.7990674166711673,1.839223747603339,1.3929901688714275,2.168503775376006,1.7424242424242176,1.7910447761193775,1.5217391304347612,1.6406249999999767,1.343283582089533,1.984126984126956,0.5714285714285633,1.4393939393939188,1.4705882352940969,0.7246376811594101,1.4705882352940969,1.2121212121211948,1.6417910447760962,1.2499999999999822,2.063492063492034
25,2.0038002458926747,2.570974974935207,0.40789877485311454,0.9907277758875609,1.4078847088238176,3.029519139829127,1.7563741824086134,1.5183787667304534,1.3001272664403434,1.909236622979219,1.5203580607154976,2.0343292023259263,1.7052978422264882,1.4560521335193102,1.4881905967518783,1.8809244216523067,2.0149253731342998,0.5882352941176388,1.5441176470588016,2.352941176470555,1.1940298507462517,1.666666666666643,0.44117647058822906,2.028985507246348,1.6911764705882115,1.6911764705882115,2.4999999999999645,1.1940298507462517,1.7164179104477368,1.2686567164178923,1.3970588235293921
28,1.4169730310241058,1.0836340803445914,0.20694864312400665,2.0640161997657516,1.8363713593354143,2.8812210001172116,1.504486645541447,1.430356809238833,2.177713171287575,0.7275115357723234,2.1629836327705014,0.5897845166407097,1.7990674166711673,0.9062841654857032,2.2322858951278173,2.35590533621097,2.4615384615384266,0.217391304347823,1.5217391304347612,1.484374999999979,1.417910447761174,0.5384615384615308,2.4999999999999645,1.6911764705882115,1.5624999999999778,1.7910447761193775,2.4999999999999645,1.159420289855056,1.3970588235293921,1.2499999999999822,1.119402985074611
30,1.7888403314545611,2.356274104935165,1.5402744781766864,1.5082721364258387,1.1182679322520133,2.329345335915656,1.5797109778185194,2.859457817942777,2.1442098917293047,2.3069942527665566,0.7523421331375658,0.9114851620810966,1.606808868859741,1.244449898875891,0.3956697221522851,1.966420986272866,2.4999999999999645,1.4925373134328146,1.6176470588235066,0.22058823529411453,1.343283582089533,2.10937499999997,0.6818181818181721,2.2058823529411455,1.4705882352940969,0.9848484848484708,0.7352941176470484,1.1940298507462517,1.343283582089533,1.2686567164178923,0.2238805970149222
33,1.397871678890103,1.2369785256762853,1.7057585130219939,0.25137868940432434,0.18363713593355446,1.1180857612395942,1.7301596423726642,2.2529061595912787,1.4518087808584867,1.1316846112014722,0.7523421331376193,1.816365359219706,1.6311544577819743,0.7663432281680035,1.9298471609490728,1.8510684784514764,1.4843749999998734,0.8582089552238763,1.1363636363637009,1.2686567164179825,2.426470588235087,1.6129032258065432,0.8823529411763953,1.7647058823527906,1.2318840579710846,2.3880597014923337,2.3134328358208625,1.190476190476258,1.6666666666665244,1.2307692307692133,0.5882352941176388
35,0.9116554427544149,0.259129888778036,1.6102869544573304,0.7541360682128658,1.5303094661129537,2.533247449378598,1.5840095110916077,1.6463545012397804,1.578053022672268,1.909236622979219,1.7812806387523044,1.1971745412407584,1.8710301133378808,1.1223980818706758,0.23009716149780673,1.0420350525548552,2.462686567164319,0.2238805970149381,1.7910447761192503,2.238805970149063,1.3970588235294912,1.825396825396929,0.522388059701448,0.3676470588235503,1.5151515151516013,1.5441176470589113,0.434782608695646,1.1940298507463365,0.2898550724637846,1.1940298507462517,1.4705882352939923
38,2.0364709020758522,1.6485071647794205,2.2743446840296486,2.466812088447135,0.37275597741736427,0.6522166940563837,1.3878344201263755,1.9636472805036238,1.755171809694339,1.174628000465814,1.6743300413945057,1.7693535499222548,1.705297842226367,0.459805936900802,0.2412308951186341,0.23300162665823415,2.1739130434780756,0.21739130434783846,0.28571428571430196,0.3731343283582301,1.3432835820894378,0.7936507936507824,0.8088235294118107,1.9852941176471717,1.7142857142858117,1.84615384615382,1.9696969696970816,1.287878787878678,1.6911764705883314,1.1428571428572079,2.388059701492673
41,0.5086569854957966,2.0970326184444765,1.515500832723387,1.651212959812484,1.4288979134330266,1.6771286418593914,2.4824029651432116,1.559704264332313,1.3001272664404355,1.8794048007453026,1.5673794440367068,0.9114851620810319,1.7020742168159733,1.07040844450575,1.557949530974733,0.3475925905885038,2.0588235294118817,1.8840579710146,1.9696969696970816,2.164179104477581,1.8382352941177516,1.953125000000111,2.1212121212119404,1.9402985074627968,1.7391304347827077,1.8321678321678707,1.2318840579710846,1.176470588235361,1.6176470588233915,1.0714285714286325,0.9420289855073
43,0.18233108855088298,1.2886459333826659,1.0424079801801074,2.0729073464722876,0.9048786408320075,0.2837566136479273,1.832738277295814,2.187604531777194,1.300127266440251,1.8376402496176292,0.6997888223669767,1.646114994206043,0.30113620759051835,1.681010952110698,1.7640782381498519,1.1417079706253974,0.23076923076921108,1.102941176470651,0.9090909090908315,0.9848484848484008,0.22058823529413019,0.47619047619050325,1.1940298507462517,0.8333333333332622,1.449275362318923,1.8181818181819214,0.36231884057973074,1.2121212121211087,1.94852941176454,1.1194029850746905,1.250000000000071
46,1.9448649445430284,0.3056403816356612,1.732000951684117,1.5546805098542156,1.0406104369568085,0.27952144030989856,1.704716118220004,2.3069055825916793,0.18936636272067217,1.8376402496176292,1.033066809681507,2.5065841957231942,1.7052978422266094,1.2827406649952404,1.615191839533624,1.5736711425470595,1.3043478260870307,2.1969696969695094,0.8208955223881064,1.349206349206426,0.7352941176471006,1.7460317460317212,2.2580645161291604,1.9117647058824616,1.6153846153845925,2.164179104477581,1.8656716417911507,1.1194029850746905,2.279411764705688,1.0769230769230616,0.5147058823529704
49,1.7510831113005163,1.7217741498807284,0.8934925544400922,1.2568934470216215,1.4910239096693512,3.029519139829342,1.899141838067672,2.426206633406165,1.4731589099887583,1.6444792006521396,0.5165334048407167,1.7437107448509177,1.7184155179360447,2.3249674553038733,1.466305440917396,0.7572552866391866,1.8382352941174902,1.3636363636362472,1.7424242424240937,1.8656716417908856,2.089552238805792,0.5384615384614926,0.3174603174603355,0.22388059701490629,1.8382352941177516,0.9090909090909607,0.6617647058823906,1.1567164179105136,1.7164179104477368,1.044776119402896,1.4393939393938167
51,1.5573012780580047,2.1285669435338677,1.6380696831404016,1.9865362070362247,0.43488197365359166,0.5590428806197971,1.7788342103167785,0.7798521321662671,0.19215116217244674,1.7860369340416096,1.8724335925477313,1.8989274210024196,1.7315331936454805,0.22657104137144193,2.2727734334219636,0.5708539853126987,0.6716417910448143,1.6176470588236214,1.8656716417911507,0.22727272727274017,2.352941176470722,1.746031746031845,0.5737704918033113,1.9117647058824616,1.7279411764706865,0.4347826086956769,0.30303030303032025,1.1940298507463365,1.7647058823530415,2.0588235294118817,1.8382352941177516
54,1.7369898870646974,1.3379563645071926,1.87633436432446,2.138713928900283,0.361951456332803,0.5675132272958546,2.1182735886139414,0.7798521321662671,0.2600254532880871,1.9275946674310795,1.5268119760734038,2.3249476598012238,1.2765556626119798,1.2633052003741003,1.5396207129632657,1.0767223606902463,2.1538461538462763,0.3787878787879003,0.44117647058826037,2.4218750000001377,1.6923076923077887,1.746031746031845,1.8548387096775247,2.238805970149381,1.6176470588236214,0.9558823529412308,1.1194029850746905,1.1940298507463365,1.8382352941177516,0.9848484848485408,0.8461538461538943
56,0.2504750307366021,1.253290676557094,2.267237356892056,0.8911308037084512,1.3667719171970023,2.662304698637907,1.7788342103167785,0.34150387487019546,1.3651336297624574,1.8010962673809148,1.5673794440367068,0.9114851620811615,1.6551420233375915,2.5678051355430087,1.0905646716823132,1.9049703304519743,0.4477611940298762,1.6666666666667613,0.2985074626865841,0.49180327868855256,1.7164179104478587,0.5737704918033113,1.0000000000000568,1.1194029850746905,1.363636363636441,1.2878787878788611,2.238805970149381,1.7647058823530415,1.9230769230770324,0.9420289855073,0.3846153846154065
59,1.18975639599886,1.1686249886069953,0.6809277935048443,2.8070620316816215,1.6527342234019902,1.397607201549493,1.7168847602062438,1.5367674369158795,1.409108522597943,2.218313863174783,1.8078669169426373,1.2532920978615971,1.682128034587661,1.8392237476034696,0.3216411934915578,1.9117592482369064,1.8181818181819214,2.3913043478262233,1.307692307692382,1.6911764705883314,1.4050839552239605,1.6666666666667613,1.31147540983614,1.6666666666667616,0.8333333333333807,2.238805970149381,2.348484848484982,1.0869565217391923,1.6666666666667613,0.9558823529412308,1.6417910447762127
62,0.5722391086828525,1.6360749840497935,0.3127223940540767,2.4668120884474853,1.0406104369568085,1.3770541544678827,1.6549353100957094,2.2329099510743546,1.6146433478072764,1.485037891736452,1.8689569253997649,1.5191419368019359,2.2641397697570684,2.375664007321148,0.23369242964620998,0.5048368577595294,1.6666666666667613,2.0588235294118817,0.884615384615435,1.1363636363637009,1.0937500000000622,0.5833333333333666,1.7741935483871976,1.9402985074627968,1.2903225806452345,1.9852941176471717,2.500000000000142,1.6923076923077887,1.5909090909091814,1.2733957219252061,1.6176470588236214
64,0.8635780910470909,1.2140715159415967,2.146653721896628,2.7219995458730875,1.6152759021419116,0.6333118623446495,2.520015131282103,1.7669113525892723,1.82017817301661,0.751761920298121,1.9300469338568926,1.400738227021785,1.7528824023925693,0.5286657632000312,1.6129359850091356,1.1595471576664191,0.3731343283582301,2.205882352941302,0.46153846153848777,0.7812500000000444,1.9402985074627968,1.4754098360656576,1.8181818181819214,1.0294117647059409,1.721311475409934,0.9375000000000533,1.8181818181819214,1.5177956371987085,1.5151515151516013,1.5909090909091812,0.3731343283582301
67,1.4187354352916492,2.5361648688910563,1.7590634665541816,2.3929053384826937,1.4690970874684357,0.2837566136479273,1.0080060525128411,0.5889704508630907,0.9750954498303268,1.485037891736452,1.7574242016261574,1.3468213588960445,1.8259191691589263,1.3400058732539566,1.7191167238341885,1.7099312924113093,2.348484848484982,1.7164179104478587,1.8840579710146,0.5833333333333666,1.1940298507463365,1.8750000000001068,1.6406250000000933,0.8333333333333807,1.6942094130090863,1.7142857142858117,1.2318840579710846,1.3432835820896285,0.8333333333333807,0.9090909090909607,1.307692307692382
70,1.0939865313054533,2.675912729014385,0.7406583017070237,2.072907346472582,1.0561419360158653,3.121322750127201,0.2223542762895973,2.2529061595914386,0.877585904847294,2.218313863174783,1.3359604790642283,0.2948922583203758,1.6068088688598552,0.9474789002805752,0.2266108408690521,0.6625983758093824,0.5797101449275692,0.5303030303030605,2.121212121212242,0.9848484848485408,1.956521739130546,2.254901960784442,1.6153846153847073,0.5147058823529704,1.6671073506082386,0.23076923076924388,2.279411764706012,0.4477611940298762,0.8955223880597524,0.3731343283582301,2.2463768115943306
72,1.7017568264751497,2.9799937209478378,1.3898773069070076,0.29548021386122336,0.2448495145780726,2.795214403098986,1.6549353100957094,2.3750042206881776,0.7800763598642614,1.5566342650981777,0.6269517776146827,1.1971745412409285,0.8034044344299276,2.5642087698069536,1.791641960620943,1.8510684784516076,1.538461538461626,0.9090909090909607,2.089552238806089,2.1538461538462763,1.8382352941177516,0.9322033898305614,2.0634920634921805,2.21428571428584,1.6400052882073908,2.1739130434783847,2.1969696969698216,0.4347826086956769,0.8695652173913538,0.5303030303030605,1.6666666666667616
75,1.18975639599886,2.412375869338726,0.2719325165687624,1.1058123155109418,1.2487325243481702,1.9566500821692903,1.7047161182202462,2.6388935785424192,1.7042972644860495,0.8949546670215727,2.0689408661284534,2.3195256736542986,1.460735335327141,0.755236804571473,2.136616499622491,0.9404622108262201,0.8208955223881064,1.0317460317460903,1.9117647058824616,0.47619047619050325,2.121212121212242,2.254901960784442,0.24193548387098146,2.3134328358210268,1.6129032258065432,0.8823529411765207,0.8208955223881064,2.0289855072464924,2.462686567164319,0.47608437314322377,1.5000000000000853
78,0.3593772180133857,1.0727977395409167,1.9545149628379797,1.5311247445536116,1.724440152671283,1.1180857612395942,1.730159642372787,0.8537596871754887,1.1529069730346806,0.24647931813053148,0.9983001382018409,1.822970324162323,1.3876985685607839,0.868522325257194,2.454369722643272,1.477268510001246,1.3235294117647811,1.6153846153847073,0.2238805970149381,0.5833333333333666,0.22058823529413019,0.9259259259259787,1.4843750000000844,1.8939393939395015,0.9523809523810065,0.29411764705884025,2.3134328358210268,1.060606060606121,0.9420289855073,0.42186571598338707,0.8955223880597524
80,1.5194257379242408,0.4865295870933863,1.379657620826809,2.6775053225270855,1.2668300971648105,0.3783421515305698,1.6069661706726455,2.462967339972925,1.4518087808584867,1.7281883225244161,0.6554495856880773,2.0202320383440666,1.5809650898502212,0.7663432281681124,0.3269139999422391,1.1056118169873579,0.5147058823529704,0.3174603174603355,2.076923076923195,0.30303030303032025,1.9852941176471717,1.8750000000001068,2.2580645161291604,1.1363636363637009,1.0052910052910624,1.283422459893121,0.7575757575758006,2.500000000000142,0.6923076923077317,0.3676470588235503,2.4603174603176
83,1.7888403314546881,2.9237674243261806,2.3454179554055754,1.3805223106630924,0.8697639473071833,1.1934469338721652,2.4800148911030218,2.524159075127532,0.9568739692021844,1.8896747723340745,1.7574242016261574,1.0633993557613552,1.3204583705854076,1.323462590868105,2.259026819913363,0.7339551239734697,2.4615384615386016,1.4925373134329205,0.6617647058823906,1.3333333333334092,1.9709079283888589,2.500000000000142,2.1774193548388334,2.089552238806089,1.0582010582011183,2.2727272727274017,1.6428571428572363,0.7575757575758006,1.5441176470589113,0.3846153846154065,0.5303030303030605
86,1.5421037340126622,1.8963596406026304,1.0620760552779964,1.6040354466752123,1.387480582609078,0.7566843030611397,1.7563741824087384,2.557167309186892,0.4619391575458821,1.1726440286816193,0.8520844613945006,1.4964681765511605,2.2938109562559013,2.2798711038001342,0.3323625666079431,1.7393207364996286,2.500000000000142,2.4603174603176,2.279411764706012,2.068965517241497,1.956521739130546,2.156862745098162,2.096774193548506,2.089552238806089,1.1111111111111742,1.9117647058824616,1.6666666666667613,2.0454545454546618,0.6923076923077317,0.3676470588235503,2.4603174603176
88,1.6654720327336752,1.9116940851363489,1.379657620826809,2.1732093148502876,1.3667719171970023,1.397607201549493,1.6258162137303889,2.590175543246252,1.1218522397542852,0.4556132850291642,1.1798092542385392,1.2912706462816455,1.5534804359828325,1.5129098568996282,2.4489873329006335,1.8510684784516076,2.4615384615386016,0.9701492537313984,1.212121212121281,0.9322033898305614,1.9110966904608484,1.9294952023363634,1.190476190476258,1.5079365079365936,1.2301587301588,1.7164179104478587,1.8115942028986538,2.1421302578020214,2.0149253731344428,0.2238805970149381,1.7910447761195047
91,0.30842074680253245,2.9191775225611476,2.290873351790841,1.012383027819601,2.0501578757955037,2.7541083089357654,0.8247322247832336,1.5117133638915337,0.7800763598642614,,1.2267668364967894,2.3791307620423536,1.9076213150331562,1.2159312553600718,1.3596650452143124,0.5538135678406778,0.9701492537313984,1.9696969696970816,0.2238805970149381,2.377049180328004,1.8656716417911507,1.702127659574565,1.8548387096775247,0.3846153846154065,1.349206349206426,1.4179104477612745,1.4925373134329205,2.238805970149381,1.6666666666667613,0.3787878787879003,1.0156250000000577
94,0.7402097923260779,1.2369785256764612,0.5472641895945825,2.3543100910878114,1.491023909669457,2.4815222045125784,0.8247322247829991,0.4332511845368151,1.6081574187970928,,0.5243596685504619,1.3971125025342395,0.7593305234502294,1.849112047321768,1.7191167238341885,2.393903809375833,1.5909090909091812,2.4590163934427625,1.5942028985508154,1.532258064516216,0.6716417910448143,1.9444444444440023,1.6129032258065432,0.44117647058826037,1.9672131147542102,2.0149253731344428,1.3432835820896285,1.7391304347827077,0.6617647058823906,0.44117647058826037,1.0000000000000568
96,0.5811803447558569,0.5072329737782112,1.1957032713828946,2.4561792777207208,0.489699029156006,2.208936100089391,1.5866761937697618,1.8472255049791688,1.430139993084073,,0.1908514970091212,0.9548892174180883,1.6821280345871827,0.5211133951541683,2.163492178862411,2.6083237650901605,0.24193548387091274,1.0294117647056482,1.6417910447757462,2.1186440677961285,1.9117647058819183,,0.40322580645152123,0.5072463768114789,1.6666666666662877,1.3432835820892468,,1.1029411764703374,1.9117647058819183,1.666666666666288,0.8870967741935988
