Drug,R0,Emax,mu_c,sigma_c,tau,m,E_tox,n,TC50_norm,tau_tox,Cmax_used,R2,N_points
Amiodarone,0.1054590741532434,0.19999999999983772,1.4167589465171797,0.29445746731706046,10.01204880886417,1.7958226502398558,0.10240729215901717,1.818846904189411,0.32038430035186455,15.29550132831033,2.8,0.8238351615059587,255
Bortezomib,0.13808930842606398,0.12917068004577265,0.5174441186869456,0.021259631275381982,88.8848369177543,5.999999999999999,0.10549645249876236,5.999999999999999,0.05744408904964737,82.84913446329838,0.29,0.3717200102558551,296
Chlorpromazine,0.10641069426499372,0.11822579014640844,0.05882388576945558,0.010000337311962898,0.10000000509945617,5.999999979141406,0.05961672866761202,5.999993763386797,0.010000034648706652,95.9995747221582,2.5,0.7776577162341499,272
Cobimetinib,0.08052340864821085,0.12481827653942429,0.45343886780834264,0.03362110946443607,0.10000000000000012,0.10000000000000002,0.02786056195241683,5.999999999994069,0.04429623366192004,47.28156086281262,0.53,0.5664708068685718,296
Dactinomycin,0.09826681319004826,0.0517493159187321,0.7737886090706961,0.0917988778518431,0.10000000702289592,0.10000000000250717,0.050787312850632246,5.99999361880988,0.010003168757052854,79.1564085733375,0.034,0.1704177090837331,272
Daunorubicin,0.15630700805184078,0.006489256554424572,0.018420283627838444,0.023925237322989096,88.46314553416144,1.8984514944743138,8.007850253654101e-17,0.10000000007754975,1.4651946497358515,77.73596660268315,0.24,-2.220446049250313e-16,259
Doxorubicin,0.13298180282738978,6.8104503859448536e-06,0.1607540431239308,0.10314314262684127,70.27067637170833,0.3744437714790358,0.015070734508433698,5.923642604275661,0.01837928775880973,95.99927943536954,0.13,0.0022769557947840413,259
Epirubicin,0.1209878496202567,0.06722625722780254,0.4259467572754073,0.028770936182313134,66.09915216557098,2.1673422161037865,0.04782859037680083,5.999999999999904,0.01000000000000088,95.99999999999999,0.45,0.048596523959284044,296
Erlotinib,0.07251193491448574,0.05395932664968236,0.5113753436317399,0.03374214123841985,0.10000000000035034,0.10000000000000002,6.656414260194383e-14,0.10000000000010395,1.612307414541803,59.26024188828765,0.65,0.1244588408761258,296
Etomoxir,0.08521930994394293,0.13378610098115398,1.1469690118395304,0.33321829777261736,1.7073192539262352,3.5580482542715397,0.03233364958460973,5.735892106215914,0.010845445624352773,16.751537659306887,0.1,0.34907454531093507,272
Gemcitibine,0.10618890197922048,0.12553047721299754,0.7002459563805046,0.12838502843595023,4.000888392067565,5.999975471334203,0.05471975028187743,5.999999999992987,0.010324272821957753,35.925910028578635,20.0,0.48709890821732205,264
Ibrutinib,0.11829184818683869,0.045462509535764146,0.2586694746054558,0.020911013427913513,41.57020972817847,2.2065500143389576,0.012005108411585506,0.10000000000000006,0.010000000000367045,95.95892327055668,0.53,0.0159600309030985,296
Ibuprofen,0.0047771824541964865,0.19999972284397272,1.1052709118386563,0.2038324658327548,3.015560433860491,1.5172880939160736,0.19999937583667174,3.3511350410825056,1.3079161370575407,4.400486901766194,150.0,0.13743963236541024,648
Isoproterenol,0.10123204961186362,0.053824529509566635,1.9176810882836306,1.9998971048550847,61.73641440021923,5.586939850680138,0.02753283041350613,0.7358314308765626,1.9999999999999998,84.71026811061633,0.013,0.014788127663407757,238
Mexiletine,0.1204593289289157,0.14474595393272663,1.0131535270067453,0.29958882504229695,7.760229155620646,1.8353314654009847,0.0687316479631023,5.999999999999999,0.05359019445765844,49.55824566355045,3.6,0.4003211737838517,272
Nifedipine,0.08208983667608727,0.08345971369277133,0.32690099450733917,0.011048591529457853,0.10000000000008223,0.10000000000000002,0.03359676723597742,0.10000000000000002,0.010000000000000047,29.378792821787396,0.39,0.4099134832008081,272
Panobinostat,0.12063441421613975,0.19999999994766351,0.7399883747999704,0.12393850978647428,0.10000000025201161,4.945161926982279,0.03376747984458392,0.10000000000000002,0.010000000000000002,95.99999999999999,0.063,0.14963464546031913,259
Plicamycin,0.07746472088605606,0.0785492936431843,1.9706020505497355,0.13254069359704007,0.10002278785114946,0.10000000003420603,0.02202491011837077,5.999349301177874,0.010917691665008618,50.80617936207068,0.15,0.11072733780431898,272
Rosiglitazone,0.004575351583277676,0.029655472649943986,1.040394698013299,0.07126161773290152,0.10000000000000002,0.10000000000000002,0.004143730214925123,5.999998362095968,0.3197260030177857,95.99999999999937,0.85,0.48806445226286443,612
Sotalol,0.11040625619558417,0.007921327138720412,0.44165344988927335,0.03937540275513762,0.10000000000000002,0.10000000000000002,0.06017490089481451,0.10000000000000002,0.010000000000000002,95.99997059605076,3.2,0.055725248099840474,272
Sunitinib,0.09977711091439054,0.1477562356081163,1.2528642878179845,0.3432618021361221,3.181939561517733,5.075540065430553,0.06895228790839135,5.999999999999999,0.24620905704630186,4.200590479714719,0.15,0.8388269765495215,296
Vandetanib,0.15306419911679534,0.1999999997480101,1.1708810722981982,0.2677793466003531,4.127249010871858,3.2200255936428555,0.07137908757094043,5.999999999999999,0.11085688792449523,14.141156221068808,1.2,0.7115594739477571,296
Vincristine,0.08176989318832611,1.7454488227637263e-05,0.03417570478331948,0.038369213971513466,89.75859470736096,0.186047980602478,0.008032742385859718,5.703914298118361,0.03013719483547678,95.99801597441238,0.063,0.0021025219550810936,263
Vioxx,0.004875251726173385,0.014746094824575989,0.1301338379949279,0.012442738203918403,79.52350834527525,5.999999999999504,0.004302703746856008,0.10000000000000002,0.01000000000000192,67.60836216860606,0.66,0.29256516345565775,588
Vorinostat,0.07252820805583611,0.06803713300650326,0.27496323363785974,0.13249071731061327,0.10000000000000002,0.10000000000000002,0.07017013234450142,0.2705653594432146,1.9999999999999998,22.266464665597084,1.5,0.6201444241549919,296
