,2,2,2,1,1,1,1,0.5,0.5,0.5,0.25,0.25,0.125,0.125,0.125,0.125,0.0625,0.0625,0.0625,0.0625,0.0312,0.0312,0.0312,0.0312,0.0156,0.0156,0.0156,0.0156
0,0.1388106658007499,0.05058786786350872,0.05793035041822919,0.03367771747020111,0.0005282540602527956,0.0005038738599155592,0.0005059992366540063,0.05832196673196545,0.0006579391720792779,0.047433822665524185,0.03533566752826784,0.08341370556660986,0.130220196789825,0.07764096675280299,0.20080053554180047,0.140702986851988,,0.09364272451933116,0.036743974697358496,0.052838557720494055,0.17934218564009588,0.10244627000630113,0.03551946060087557,0.0011723213222013704,0.13963246495771472,0.14112050598976286,0.08203098788504215,0.2423853227278291
4,0.11939338150513636,0.0003518757881958908,0.015345769713255977,0.002171244864313234,0.00057020801373811,0.04849468012453909,0.032374096467337576,0.05846230118154172,0.08219294142210218,0.043847064259068994,0.1421103559182661,0.06916013478602254,0.1189245181448373,0.040191410997341755,0.14855845526351466,0.15832875399530155,0.07063923115330449,0.08975625841498482,0.0005144717284946666,0.04384046676160269,0.1900302832946594,0.09271064346920935,0.03748225967995223,0.11166225391676317,0.11642616587544494,0.14393441431375267,0.05719325130356514,0.18298662538145555
6,0.12999753861661378,0.0003751488611820478,0.041528197835221686,0.025485631850790908,0.0005182824549915464,0.053892029069036,0.0013075732258502634,0.058602635631118,0.08183823589739382,0.034643134582518595,0.1223770253533195,0.07902343235351351,0.1255951969013333,0.0027418552418805235,0.17017938006887312,0.12785414601303008,0.07298533776424036,0.0833243301122436,0.0009753019280392808,0.03861248429798284,0.21236820626082756,0.09068372681941977,0.03528211587832476,0.11445864131107032,0.10843306680698903,0.12949873041695914,0.06145352204784045,0.19783175607467143
9,0.13718416497711294,0.0005136938341652067,0.0008388577063646419,0.02425938780254252,0.0005732094674548793,0.04639219191175803,0.02840980660720406,0.06002701703746667,0.06210346788440172,0.04104916753085052,0.1464800521686334,0.07818026958196596,0.11556329344978301,0.058904507945810286,0.14024443959979513,0.1711301095877942,0.0009281136557465347,0.08625127115708402,0.00031345268860183455,0.044201326791060126,0.19426155629116026,0.08155089998246447,0.016592764580952848,0.10862028310507428,0.10694956398244938,0.12288872808401324,0.0704873226789804,0.16888926947602134
12,0.1352886347143392,0.0004282582180319671,0.0009689485597828888,0.0004373363922049962,0.00045669467517559263,0.04844685963695183,0.0031375146920716774,0.029323733196536732,0.08701628585043293,0.04691024415607486,0.13605036141054244,0.08967006534711194,0.11171805457934257,0.05718081510820177,0.1469884200603797,0.14924726671407293,0.054319222190642405,0.09216909340430095,0.0004416942116907256,0.04206940139024245,0.1901173405680385,0.08912373015192979,0.00047992725213837816,0.09445719333998967,0.12610602743308882,0.1420599126333201,0.07276397239565054,0.11538099931182304
14,0.12409143600766585,0.00041279561046066214,0.0008946167794007023,0.012529230316179396,0.00042922959809283637,0.051912496312393884,0.0316639095939559,0.05374743416035279,0.08936168086310366,0.03613579323571934,0.13682292314757163,0.0896122661501796,0.1164778727183751,0.05357187584906447,0.15428539280660963,0.15601156265690183,0.05989627865826113,0.08442782055437441,0.0004021892349792108,0.04503342329161203,0.17882012673848507,0.08437967123109542,0.0004715617673634942,0.07097631321880578,0.11492763008299842,0.08262234284058988,0.07807117523004048,0.19689359676929072
17,0.1297841304780587,0.00034142322235442197,0.000771636637675367,0.01290220067472075,0.00039748343420556795,0.05092194562883147,0.0020477172684402814,0.061431151375032245,0.0730327778598242,0.03691662549247779,0.12777925267012827,0.0822359371109973,0.13053630085514023,0.02448590199233571,0.15712332580856123,0.11224644610847999,0.04887547001734612,0.08030243430369303,0.000341652371147923,0.0479974451929816,0.20353230225194668,0.09023747479249085,0.0004919156473121775,0.07225120545359584,0.11723921614722994,0.137965404073081,0.08395508729264785,0.1691398551379169
19,0.11477569144351384,0.00040734932747691884,0.04444628856418544,0.0004886747233345819,0.0004510477811549748,0.04402812656649335,0.0014415646126394325,0.056527975721027024,0.07968806840893584,0.030602609208543102,0.13157282656172914,0.08042218364847144,0.12620462799697119,0.048381272439147874,0.15953987175429848,0.12881024695447912,0.0490172375350688,0.08296082563230138,0.0005588778185142803,0.023644911861231764,0.18319690249154041,0.10195556350552788,0.00047580539446889113,0.07436999266478142,0.12166602849022594,0.14859144841235317,0.07638543110114022,0.1694469897755278
22,0.05357552676640689,0.0005640042407009883,0.04664305301806418,0.0004924969414479768,0.0004919798994935558,0.0006891505072524853,0.014672545383805479,0.0653604387035175,0.06725787675599344,0.032154566303022554,0.13625476280915247,0.07338798942431828,0.1250914879233483,0.04624995562202059,0.15911875636244716,0.11231807399102459,0.039067001015025894,0.09244060481503381,0.000416945180547863,0.05418421266622246,0.15611400672126574,0.08981062730761066,0.0031707582806852624,0.06903200391025337,0.1552813189641694,0.14462875693302474,0.08315483110483154,0.16873643757439233
24,0.11102888395694532,0.00043782299540775946,0.03860694675900303,0.02891718709764355,0.0004597661606141645,0.04461691392300351,0.001403104064689157,0.05561687159077323,0.04903894173617935,0.0010320669214866926,0.12827428758807685,0.08204214112486737,0.13067218391030022,0.03936311506799259,0.14439119463196395,0.09384671674753589,0.04074206298589987,0.08875131341619036,0.00043225869601480035,0.05084052714416115,0.1675977065773873,0.10276164408715684,0.0005453758177703658,0.06579340400795977,0.13737100919286668,0.13214970987346153,0.0749297035487166,0.18376506978680815
27,0.10866284908215164,0.0004191997614490134,0.0010745946688941975,0.014914078247080912,0.00048162936657004853,0.04566264202715564,0.03266656728315743,0.0580529704491551,0.0022146769105497936,0.026088491424029782,0.028649286611367675,0.07880114341039446,0.11462363032013338,0.046338107831724706,0.14254762911022137,0.060879621787448594,0.03343429729956191,0.08521356788300413,0.0003784193355536771,0.04379671552428758,0.17935972510389703,0.08628639882255836,0.0003813982441370977,0.08706023938452123,0.1391275607670527,0.1480690306020806,0.07424909502934066,0.1671773983046523
30,0.11053090334286648,0.0004726236756093688,0.03813630740836643,0.02861408705402676,0.0005105476717517242,0.042561363842416516,0.001371876266679547,0.05485530353960868,0.0007821935535972273,0.009946497928521028,0.14397304021040652,0.08301346923839177,0.05512124375826036,0.038329879388325,0.1275276157073317,0.07175785943432313,0.001039409770402152,0.0750675071772256,0.0003425557122969649,0.048698858010409206,0.17366187423376583,0.09061724679385816,0.0004136935701596955,0.07495598788839891,0.137494934825308,0.13078006972098333,0.07759117530449593,0.15960455383071237
32,0.1037586717116288,0.00045369437310646373,0.03899474165309649,0.0005223690907509018,0.0005675646100213701,0.04183941920692664,0.035016191048007565,0.06260857641554718,0.0003055217132992073,0.0006922466879800441,0.10922032431221049,0.08724895174738102,0.12998126095017773,0.049189689602252076,0.13900040428121802,0.06662330232869206,0.031729784499131844,0.07716264405673876,0.00036697216368561917,0.04968034138767303,0.1767600020097937,0.08720422036936235,0.00042362625917099096,0.07466106729453176,0.13356401075723429,0.14840714131332355,0.07216416057841649,0.17098051093714656
35,0.10893586626058,0.00036873341082580257,0.038963493287137115,0.01328690525721101,0.0004999433211254207,0.04125387355700799,0.03515389080345515,0.055710403579152884,0.00034952387899522185,0.000696771332230915,0.06494812866540076,0.07950463668102357,0.11439619667430567,0.048924476012730506,0.14118745336006797,0.06379612604374293,0.0004735422220086033,0.08380903212696016,0.0005437569694183651,0.022882741695321913,0.17639221330769345,0.09219216817613018,0.0004979866223009171,0.07850599282171153,0.13452662943029234,0.13600546973616073,0.068951933630943,0.18039777385112207
38,0.10640859453298684,0.0038672257347712206,0.04521360524771012,0.0005168886550936879,0.0006356720723739316,0.04247374591163792,0.0015074093556397441,0.052062036496655105,0.00031045100818815865,0.0006183485505396589,0.15445807397147354,0.08623193370720356,0.12493348689714284,0.053652481139220075,0.1368341846342026,0.06547890042070358,0.00037552917585413403,0.07343326214090007,0.00044507597678345335,0.049333287744463855,0.17388059665152947,0.1011465415130534,0.0004169628074699308,0.076274902718445,0.14998280581311252,0.12360379815899789,0.07240558525873511,0.1679361103028485
40,0.11981805624160698,0.0004479497538416112,0.043252403212594756,0.02691045590146456,0.0012509313109143,0.04141876227019291,0.03412159532646073,0.053502557977779655,0.0002713781373810954,0.0005592871452368515,0.1346789724057455,0.08205061461631008,0.10908635329338448,0.04556581043925275,0.15733213136661042,0.07160680553538738,0.03203016692996414,0.037008120997787906,0.00045668714345592195,0.03862331348147061,0.19353941908294803,0.08658090611036554,0.0004124096837576475,0.07451937664926368,0.14382177522256154,0.1502938535166047,0.07732366292781662,0.1521794016635587
43,0.10782262266380296,0.0004983287895165822,0.00462882593766232,0.0004868054737178799,0.0006419130926335192,0.03988574176951843,0.0014097910962682257,0.05705437885663948,0.00023230526657403217,0.0004805827999777609,0.1393073062724327,0.07900880275964799,0.12303527839539587,0.04517947566670066,0.1374766308493206,0.06218852217825548,0.000612086679743704,0.06966214639287681,0.0004075885776929513,0.04534966302322302,0.14869652139627243,0.08605384596472615,0.00040785656004536415,0.03376122426815276,0.13294002670434593,0.12497645802663318,0.08149712230590811,0.13642269302426893
45,0.12458152547776186,0.00043778216699031687,0.041092889609361256,0.0005632229312694463,0.0005625819599005929,0.041590412547294904,0.03440883320730996,0.058181718895371784,0.0007146345715716177,0.0004018784547186704,0.12278139039080513,0.08961967977820615,0.1078863342094583,0.03933821645506332,0.14431708273022334,0.06336452530629931,0.04006881746861684,0.06162256026292657,0.00040808838569129945,0.022893077491637815,0.17357336219527328,0.09030182676511654,,0.0642949755819513,0.14786686926267864,0.12855005655501417,0.08080754438735809,0.1466790091968343
48,0.11826002925159904,0.0004654887087053234,0.018962759854629613,0.0005489555938438689,0.0005979152037201145,0.04247448298905583,0.03455549642117171,0.054976306422867466,0.0005306260841756043,0.0005129703941743561,0.1307549794060263,0.08265839972296053,0.1076422700069704,0.0431075774949189,0.16734617684002642,0.06870750370555614,0.03997589198051529,0.07791878460105775,0.0003740176106288699,0.043609806604887356,0.1774332351979635,0.08551030896997652,,0.06200376777597509,0.14579541889468797,0.12788783411349575,0.03245994159297237,0.15570067988895317
51,0.10465483243082982,0.00044571963699253426,0.03751351311339095,0.0006068850119495013,0.0006818451861843395,0.04101104730900833,0.001557196050113532,0.051868227222759224,0.04531565737801674,0.00048533604894181225,0.13305623240912479,0.0812570610525122,0.10769918268208327,0.0007116124151651695,0.15380463688720858,0.056843674869512154,0.040884954722877044,0.06730146794853861,0.00044518356415876255,0.0447229798213646,0.16118336703912828,0.07647717385017275,,0.06568773734470996,0.16861748649295916,0.12549795399679645,0.025474807448009167,0.14576350606617633
53,0.11359275430052339,0.0004161515422476144,0.038907625141822215,0.000499008496202891,0.0005893523973262472,0.01985125301920118,0.002844579817721505,0.05411820461135516,0.04318252414376783,0.00045770170370926835,0.14455364371772658,0.08128709391087616,0.12204793099516241,0.0005877889062574479,0.0653639047614362,0.06696989597778612,0.04605890144629518,0.07606276157641226,0.0005051392198889144,0.000652668468353013,0.16596814191827006,0.0781022024636973,,0.06755282121530606,0.1849304863745169,0.1452624443167374,0.04176979912491604,0.14039198555417307
56,0.12381203494859873,0.0004842834407004748,0.03271454131352589,0.0005566531367390857,0.0006479814859837354,0.04307000101477025,0.0017116199968493795,0.05103987017128488,0.04066723387826482,0.00034723508023561393,0.14029912752043416,0.09690564636686015,0.10649005334390256,0.03707697487943219,0.15738473729280264,0.06298630646358946,0.05123284816971331,0.07744477165059095,0.000431555469105462,0.006598984930478025,0.1950558009566922,0.07484051521410066,,0.07692812969800449,0.15593647085959123,0.14028392184512378,0.03406598351547643,0.14622342794161078
59,0.10835689589493978,0.0007514173709105261,0.041253294933925884,0.0005553342088704653,0.0006586486396825841,0.03971165439934972,0.003014895924514562,0.05020204246516826,0.04102287883898937,0.0005156923743114239,0.1457977105808817,0.08384945476375875,0.10163920614286649,0.04921166442609739,0.1357026875990796,0.07715171764265048,0.046421004167462664,0.07719356612727493,0.00042865697599485305,0.04549387170832682,0.1805974870087712,0.07625446926279707,,0.07822552773063715,0.1560716012263823,0.14559032544057857,0.0007002047652556459,0.1458916340606578
61,0.10976701672896619,0.00040819481927418865,0.03712634266424523,0.012277367362454645,0.000570750949785716,0.03718441264602103,0.00233318749660459,0.04961856778839458,0.05435889987492453,0.00035764504890680663,0.1298886537897882,0.08780306456426343,0.10316270638488576,0.04573821944957026,0.15747956541593608,0.07360302983957212,0.046103276387573715,0.08220326727037008,0.00030139771019393184,0.04378328001684766,0.19364244349070953,0.08314696267246517,0.00038624279189810077,0.08045568243471704,0.18193404063228924,0.12061460115979988,0.03280909394797093,0.14146145720032524
64,0.10801417616913712,0.000529162566686763,0.03730985987381053,0.009740567276345107,0.0006020765907855726,0.0008189780530368255,0.0016514790686946179,0.05319384588900753,0.04827354164211661,0.00044382881629723825,0.12382818611017316,0.08141197849086694,0.12300214044877283,0.04720883628512707,0.13714569124786194,0.06851053444199773,0.0520943302756654,0.07960729350759428,0.0005400122750856655,0.044619509529247744,0.18018984864575374,0.07533143915884888,0.0005445616677739805,0.07152812507018719,0.1485911816164933,0.13278946215190926,0.0023147098984450764,0.14375731471032877
66,0.10453712197806125,0.0005027092339083928,0.03749337708337584,0.000502626209693078,0.0006524215068133337,0.03973210379443909,0.0015452340365828025,0.051221939960596666,0.0525336850446276,0.0005839665576403997,0.1286943242285741,0.07846408185388527,0.11921545295554571,0.04927113763457441,0.15534451238084307,0.07051690986894413,0.05267139912845645,0.07828353969717405,0.0005564979574894927,0.0470264856449286,0.18693468106208588,0.06900491321598198,0.0003355717383934342,0.07615368049262702,0.1684604273025896,0.1294815047280575,0.0013403057253254397,0.08155313468271208
69,0.10367392119903215,0.0005384705139892122,0.037485604597116036,0.0005431245269409879,0.0006036620415739941,0.036517899161726805,0.0015932260003319607,0.058112945765615195,0.043708082821928645,0.00035602590465661773,0.12856891600210055,0.07976067365247727,0.11341131693465656,0.04840016323892906,0.1582192520261416,0.0770363002051356,0.052837157869804155,0.0802508004341367,0.0004414513337506587,0.0006634225648566834,0.16586902959012254,0.07418116672701967,0.0003473880050484758,0.06582160824106478,0.15820754961178407,0.14806008046634878,0.0007429785463127103,0.14800580086280773
72,0.10150995238180065,0.0007927899622090874,0.0005157955171089224,0.02443430309942185,0.0005870541233978131,0.03511166456654127,0.0015993777640334176,0.05437868109755894,0.04302253351781924,0.00040088542221512313,0.12790359989383585,0.08227512266637022,0.13970008964968605,0.04788215929110109,0.15049392191075814,0.07870639286402342,0.05606297180366148,0.08532650628087474,0.00044684780265291023,0.0384754635288454,0.1919160391438655,0.07633487441366743,0.000434031131111962,0.06410680225272838,0.13697495234318022,0.13929747346924956,0.013811349619986766,0.1496382857787865
74,0.11932660253244112,0.0005946311238525313,0.01542691634417173,0.0006412917153618082,0.0006467761776387604,0.036087914554988054,0.0015876175690249903,0.05166714883890668,0.04084232530204537,0.0003796145230613152,0.1263486733312044,0.09209484280949462,0.11878771176989389,0.0481421338620376,0.06830948704237644,0.075679165841135,0.04866487937933837,0.08179480709700665,0.03680390248128128,0.04585269383540589,0.17475007886390112,0.07885771447626472,0.00040334809354883647,0.06970046680115081,0.14694331015948287,0.12285469144200978,0.013647888224999148,0.17256427769692181
77,0.10242241867344953,0.0005030329201700208,0.022128612465698538,0.0005233922190623889,0.0006024704650190601,0.000836631278221291,0.01663823773251979,0.0007386412869247115,0.019778135166051473,0.0003583436239075072,0.14941862997497526,0.0830486043260719,0.12439284381793933,0.04826825471446325,0.05428824182226024,0.07802318238899605,0.04634834270266041,0.08407371233808048,0.031314444003359795,0.0007067885425628808,0.15538996919810025,0.10519051229195847,0.0004440762896909099,0.0009192771036933,0.15970586700793665,0.11856220700216298,0.0008809116117856293,0.15649661403247128
80,0.09211935324578684,0.0005369974665612061,0.028830308587225347,0.0005139748017261153,0.0005126545668442071,0.03828903322901097,0.0015627149173719052,0.05218647951769388,0.0006134113045944949,0.00027440037453095904,0.15119035043559598,0.08088142423112858,0.1154646712087277,0.04884833352301434,0.14415029026295864,0.08129101491421956,0.045558102938434375,0.08574653881837031,0.0005156254117257925,0.04081615706581505,0.15834564749037988,0.0952394252646901,0.00047350518595398673,0.06723945278372283,0.13637284457931553,0.11845245183088807,0.0009481768492607921,0.14805169849944788
82,0.09809369129708236,0.0006584312344772353,0.03553200470875216,0.0005522698696271419,0.0005725535505388364,0.03864684258849145,0.0019876263048223624,0.051545630714516795,0.03661843882292362,0.00031185609062469574,0.10924661994900958,0.07994150689885482,0.10852491048246442,0.04883609682519932,0.13589263724884984,0.09490810380228566,0.04751699503705594,0.08518378157745532,0.0005069424779900354,0.044636632744704245,0.14723645442986755,0.07715731111369345,0.0012966104388508468,0.061473934506768434,0.13078407424202101,0.14363114035361302,0.0008990679009008162,0.151761297028109
85,0.10406802934837787,0.0007505010980356112,0.03501707913116988,0.0005609837012919952,0.0015416225012084774,0.03641216348353941,0.001880371366472902,0.004795592358315702,0.047625223114500646,0.0002933399723977339,0.11576049032678173,0.09084153107263937,0.10091555470732631,0.04903591638239932,0.15502177768544892,0.1224861757179525,0.042406455645787995,0.08994991536982747,0.0005127233619620227,0.04459663351054537,0.1429374342667879,0.08493347274635918,0.004737012576513031,0.06455449684617691,0.13572899524399518,0.11526279100360028,0.00099157007651706,0.14253919217790334
88,0.10260086707598022,0.008519289681365465,0.035477883693542336,0.02457082662375697,0.00042293180638411614,0.037011515043467606,0.0017731164281234418,0.05087214651814997,0.0006025773512683295,0.0002361672710930815,0.11960619441842193,0.07333768199707345,0.10479348118174686,0.05240890688734846,0.12869648829589558,0.12548059139401027,0.04248107995012687,0.08645790320077852,0.0006435005020781738,0.04288086127328985,0.14845502029128896,0.09336358324537541,0.00039260895436143094,0.06700683471025418,0.14275735725239178,0.1474856309204598,0.0010047542569178523,0.16350017446241769
90,0.10143001425344636,0.000836232197139533,0.034355156895755926,0.0005605902394631679,0.000440853774151951,0.0005644194657035142,0.002944024104719124,0.05141126318104516,0.05505472697672379,0.00023730493477460923,0.09245774320721332,0.07472840715135191,0.09853064346619965,0.051247329217263486,0.14099739606248277,0.1555014500813924,0.0376991322251512,0.0817603778340196,0.0006048005705674639,0.04116508903603432,0.16606664948584657,0.0025458004037209984,0.000795779575095901,0.0647187413747596,0.12955855166896166,0.1349033751113676,0.0007967913060122722,0.14424293491759604
93,0.11020403641609189,0.014338299248220329,0.03511679874003685,0.0005889615677963587,0.0004861714565874377,0.03584686465372358,0.0016697592763391224,0.051552552871673124,0.001422297237714101,0.00026733048476633697,0.08036371470217456,0.07849821446086999,0.09591546096523706,0.052233605297730606,0.13905394480185185,0.16555536751512842,0.03743333684719725,0.08295386502461789,0.0005858485975360647,0.0394493167987788,0.17104989863615785,0.08398179559794414,0.0004142992787099016,0.05531434884345695,0.162788438897172,0.12108846318752715,0.000930312679961208,0.14783206320589493
96,0.11720667116376023,0.0008309056640349155,0.03219992311255666,0.012529959725913606,0.0025175188122409427,0.0007128619344544945,0.0016485157809118525,0.053669051081751,0.06876149652297067,0.0002332320717199096,0.05347798570160085,0.08834435751693835,0.09047637700958569,0.05445626676462166,0.13711049354122096,0.16538061498788992,0.0195539904480662,0.0823815490057599,0.0011731987424552226,0.04470892452572882,0.13614070152193594,0.09348868704503988,0.00035537087885540407,0.051238597647563396,0.15915921913533204,0.04987436720205255,0.000961246447182642,0.1317846137194335
