,0.625,0.625,0.625,0.5,0.5,0.5,0.5,0.313,0.313,0.313,0.313,0.25,0.25,0.25,0.25,0.156,0.156,0.156,0.156,0.125,0.125,0.125,0.125,0.078,0.078,0.078
0,2.352941176470586,2.4626865671641767,2.463768115942027,0.5434782608695672,1.2686567164179092,0.984848484848484,0.5263157894736837,1.7187499999999984,2.2463768115942013,0.22058823529411745,0.8823529411764698,0.24999999999999867,2.0588235294117627,1.6666666666666654,1.9444444444444426,0.44776119402985026,,1.57142857142857,1.8032786885245888,2.352941176470586,2.4615384615384595,1.567164179104476,0.8088235294117639,0.8088235294117639,0.9999999999999991,0.5970149253731337
3,1.9117647058823415,1.7537313432835735,1.5677049534933967,1.5217391304347658,1.1415747350205416,0.6043645409317031,1.294903926482859,1.3896780303030218,1.7948301968418672,0.7986999147484982,0.9489889705882277,0.9732142857142729,1.2159789288849832,1.7661691542288418,1.5277777777777821,2.500000000000009,0.3731343283582103,2.3913043478260954,1.5322580645161346,1.7912246865959403,2.1003344481605217,1.0447761194029805,1.2499999999999878,0.7352941176470615,1.6176470588235352,0.9056503198294261
14,1.4705882352940969,1.0447761194029703,0.6716417910447665,2.4999999999999645,1.014492753623174,0.2238805970149222,2.063492063492034,1.0606060606060455,1.343283582089533,1.3768115942028791,1.0156249999999856,1.6964285714285472,0.37313432835820365,1.8656716417910182,1.1111111111111218,2.4999999999999645,2.2307692307691993,0.36231884057970504,0.3030303030302987,1.2295081967212942,1.739130434782584,0.5223880597014852,1.6911764705882115,1.1428571428571266,2.4999999999999645,1.2142857142857186
16,2.4264705882352597,2.4603174603174254,0.5714285714285633,0.2238805970149222,2.318840579710112,0.7971014492753511,2.301587301587269,0.8208955223880481,1.2878787878787694,2.4615384615384266,2.4218749999999654,2.4999999999999645,1.4285714285714082,2.164179104477581,0.9433962264150809,1.4925373134328146,1.911764705882326,1.956521739130407,1.2499999999999822,1.0447761194029703,0.2941176470588194,0.6818181818181721,2.2058823529411455,0.44117647058822906,0.7971014492753511,1.6911764705882115
19,1.884057971014466,0.8088235294117533,1.884057971014466,1.3043478260869381,0.9999999999999858,2.0149253731342998,0.5384615384615308,0.7142857142857041,2.4999999999999645,1.7910447761193775,1.2307692307692133,1.1940298507462517,1.1363636363636203,1.5671641791044553,2.4999999999999645,1.0483870967741786,1.1029411764705728,2.3880597014925034,0.7246376811594101,0.5223880597014852,0.7258064516128929,1.7910447761193775,1.6176470588235066,0.8088235294117533,0.3787878787878734,2.238805970149222
22,1.6666666666666432,1.0294117647058678,0.6716417910447665,0.2941176470588194,1.1363636363636203,0.5147058823529339,1.6911764705882115,1.154244306418203,0.3030303030302987,2.4999999999999645,1.9402985074626589,0.4477611940298444,1.6666666666666432,0.5223880597014852,2.4626865671641442,0.6557377049180235,0.7971014492753511,1.8656716417910182,1.0483870967741786,1.3235294117646872,1.484374999999979,0.2985074626865629,1.4393939393939188,1.8181818181817921,1.6176470588235066,0.3787878787878734
24,1.0507246376811445,1.811594202898525,1.1940298507462517,2.4999999999999645,2.2058823529411455,0.8955223880596888,0.44117647058822906,1.5942028985507022,1.1764705882352775,2.4999999999999645,1.34920634920633,2.238805970149222,1.7910447761193775,2.1969696969696657,0.5303030303030227,0.7812499999999889,2.4242424242423897,0.461538461538455,0.23437499999999667,2.3134328358208625,1.6129032258064289,2.101449275362289,1.3636363636363442,1.1363636363636203,1.884057971014466,0.5223880597014852
27,0.434782608695646,0.5223880597014852,1.884057971014466,1.6176470588235066,0.7462686567164073,2.318840579710112,0.5970149253731258,2.0895522388059407,1.838235294117621,1.7164179104477368,1.8253968253967994,1.7910447761193775,2.1969696969696657,0.3676470588235242,1.2499999999999822,0.8431818181817907,0.7462686567164073,1.343283582089533,0.6451612903225715,2.2727272727272405,2.187499999999969,2.0149253731342998,1.9999999999999716,1.2686567164178923,0.6060606060605974,2.4626865671641442
29,1.956521739130407,1.893939393939367,1.6911764705882115,1.739130434782584,1.6417910447760962,1.1940298507462517,0.45454545454544804,1.4492753623188201,2.4242424242423897,1.3235294117646872,2.4193548387096433,0.7352941176470484,2.1323529411764404,0.44117647058822906,0.6716417910447665,0.9051136363635924,1.8656716417910182,1.739130434782584,0.23437499999999667,1.4615384615384408,1.40624999999998,0.8333333333333215,0.6818181818181236,0.5303030303030227,0.8823529411764581,1.8181818181817921
32,1.5441176470589113,0.3787878787879003,2.1014492753624383,2.460317460317251,2.2463768115943306,2.462686567164319,2.1969696969695094,2.0714285714286893,2.089552238805792,1.0156250000000577,0.5555555555555871,1.7424242424240937,2.2727272727274017,1.3970588235292927,0.9482758620688847,0.9670454545453943,0.5303030303030605,2.1739130434780756,0.46153846153848777,2.1641791044774275,1.515151515151386,0.22388059701490629,1.4516129032256828,1.5441176470589113,2.499999999999787,1.7910447761193775
34,1.5441176470589113,0.9848484848484008,2.500000000000142,0.522388059701448,2.3134328358210268,1.3432835820896285,1.1594202898551385,1.51365546218496,1.567164179104344,0.8333333333333807,2.500000000000142,2.132352941176592,0.7352941176469961,0.6716417910447665,0.2586206896551504,1.028977272727196,2.4626865671639693,1.269841269841342,2.2222222222223484,0.6617647058823906,0.7142857142857041,0.3731343283582301,1.8461538461536886,1.6176470588236214,0.36231884057973074,2.499999999999787
37,2.0149253731344428,0.6716417910447665,1.7647058823530415,2.348484848484982,1.8115942028986538,1.5909090909091812,0.21739130434783846,0.9558823529412308,2.1014492753624383,1.9117647058824616,0.9677419354837885,1.1194029850745315,1.3636363636362472,1.9852941176471717,0.5147058823528973,1.0909090909089978,2.132352941176592,0.7777777777777115,1.250000000000071,2.424242424242562,1.417910447761174,1.7142857142858117,0.4477611940298762,0.8695652173912303,1.5441176470589113,2.089552238806089
40,0.8695652173913538,0.8955223880597524,2.205882352941302,1.4925373134328146,0.5882352941176805,1.1428571428572079,2.0454545454546618,0.757575757575693,0.6521739130435154,1.5441176470589113,1.1538461538462195,1.7910447761195047,1.8181818181819214,1.3636363636362472,0.8823529411763953,1.6393442622949421,1.3432835820896285,1.6176470588236214,1.7968750000001021,0.8695652173913538,1.0317460317460903,0.6060606060605543,1.5671641791044553,2.462686567164319,0.44117647058826037,0.36231884057973074
42,2.388059701492673,0.6153846153846504,2.0289855072464924,1.0447761194030445,0.5882352941175969,0.4477611940298762,2.238805970149063,1.7391304347827077,1.2878787878788611,0.7812499999999334,1.307692307692382,1.5441176470589113,1.5151515151516013,0.5797101449275692,0.2238805970149381,2.500000000000142,0.5000000000000284,2.426470588235432,2.3387096774194878,2.132352941176592,1.1904761904761736,1.9117647058824616,0.3076923076923033,1.4179104477612745,0.3676470588235503,1.0869565217391923
45,0.5147058823529704,1.825396825396929,2.0454545454546618,0.4347826086956769,1.6911764705880912,0.7971014492752944,1.5151515151516013,2.348484848484982,0.36231884057973074,0.22058823529413019,1.048387096774253,2.426470588235432,1.9117647058824616,0.5970149253731682,1.3432835820896285,0.31746031746031295,1.4393939393940212,2.462686567164319,2.1217357910907504,0.7462686567164603,0.23437500000001332,1.449275362318923,0.7575757575758006,1.4179104477612745,0.2898550724637846,0.5223880597015222
48,1.4925373134329205,0.2985074626865841,1.8560606060607117,1.9696969696970816,2.4626865671641442,2.318840579710277,0.3787878787878465,2.499999999999787,0.6716417910448143,1.8382352941174902,0.31250000000001776,1.5909090909089552,2.279411764705688,1.4492753623188201,0.6716417910447189,1.0000000000000568,2.1641791044777348,1.0144927536232462,1.904761904762013,1.9117647058824616,1.6129032258065432,0.6716417910447189,1.716417910447615,1.538461538461626,1.250000000000071,2.279411764706012
50,1.5909090909091812,0.5555555555555871,1.6666666666667616,1.0144927536232462,0.5223880597015222,0.9701492537313984,2.462686567164319,1.6176470588236214,0.3731343283582301,2.388059701492673,2.1875000000001243,0.6818181818182205,1.0447761194030445,0.5970149253731682,2.089552238806089,1.4285714285715096,0.9090909090909607,0.7352941176471006,1.8750000000001066,1.6911764705883314,1.3970588235294912,2.352941176470722,0.5223880597015222,1.2878787878788611,0.6818181818182205,0.3174603174603355
53,0.5970149253731682,0.8246527777778246,1.2318840579710846,0.8823529411765207,0.6716417910448143,0.29411764705884025,0.7462686567164603,1.7647058823530415,0.8461538461538943,0.5882352941176805,1.4179104477612745,1.2686567164179825,0.8088235294118107,1.8382352941177516,1.176470588235361,0.46875000000002665,0.9558823529412308,1.2388591800357212,2.500000000000142,2.462686567164319,0.31250000000001776,0.29411764705884025,1.3768115942029768,0.5147058823529704,1.9117647058824616,0.44117647058826037
55,2.0454545454546618,1.0937500000000622,0.8955223880597524,2.0588235294118817,0.6617647058823906,0.5072463768116231,2.3134328358210268,1.0294117647059409,1.956521739130546,2.318840579710277,1.9841269841270968,0.2898550724637846,2.1538461538462763,1.7910447761195047,0.46153846153848777,0.23809523809525163,1.5714285714286609,1.7424242424243415,1.4843750000000844,1.102941176470651,2.500000000000142,1.5151515151516013,0.2985074626865841,1.4179104477612745,1.176470588235361,1.212121212121281
58,0.2985074626865841,2.238805970149381,2.132352941176592,2.318840579710277,1.7424242424243415,2.426470588235432,1.8382352941177516,2.2727272727274017,1.5942028985508154,0.8730158730159225,1.1290322580645802,2.426470588235432,2.352941176470722,1.1194029850746905,1.4179104477612745,1.046466973886388,0.2238805970149381,1.5217391304348693,2.500000000000142,0.45454545454548034,1.6923076923077887,1.5217391304348693,1.102941176470651,2.3913043478262233,1.9117647058824616,2.462686567164319
61,0.29411764705884025,2.380952380952516,2.3134328358210268,0.8955223880597524,0.9558823529412308,0.44117647058826037,2.2222222222223484,1.4179104477612745,0.5970149253731682,0.24193548387098146,1.3432835820896285,2.2463768115943306,0.5223880597015222,0.44117647058826037,2.205882352941302,1.8548387096775247,1.2878787878788611,0.46153846153848777,0.7142857142857548,2.500000000000142,1.0317460317460903,1.1940298507463365,0.4477611940298762,0.8333333333333807,0.7352941176471006,2.2727272727274017
63,1.4843750000000844,0.7812500000000444,2.1014492753624383,1.1940298507463365,0.5072463768116231,0.6617647058823906,1.6129032258065432,0.9558823529412308,1.538461538461626,0.2985074626865841,1.3709677419355617,2.10937500000012,0.7936507936508387,0.769230769230813,0.3731343283582301,2.295081967213245,2.4193548387098147,1.4705882352942012,2.265625000000129,1.9117647058824616,0.7258064516129444,1.5441176470589113,2.3134328358210268,0.4477611940298762,2.426470588235432,0.6716417910448143
66,1.6176470588236214,2.265625000000129,1.8750000000001066,2.1538461538462763,1.363636363636441,0.7462686567164603,1.5873015873016774,0.8088235294118107,2.500000000000142,0.31250000000001776,2.1428571428572645,1.8382352941177516,0.7246376811594615,2.352941176470722,1.2686567164179825,0.23809523809525163,0.8333333333333807,0.2238805970149381,2.4590163934427625,1.3043478260870307,2.3015873015874324,1.1940298507463365,1.4705882352942012,1.956521739130546,1.9696969696970816,1.9852941176471717
69,1.8181818181819214,1.5625000000000888,1.102941176470651,1.250000000000071,0.9420289855073,1.4925373134329205,2.2580645161291604,0.22058823529413019,2.500000000000142,1.5625000000000888,1.6129032258065432,0.6818181818182205,1.7857142857143873,1.1363636363637009,2.0588235294118817,1.6666666666667613,1.2686567164179825,2.352941176470722,0.2830188679245444,2.1641791044777348,1.9841269841270968,2.089552238806089,1.4179104477612745,0.44117647058826037,1.363636363636441,0.5970149253731682
71,0.8208955223881064,2.377049180328004,2.1641791044777348,0.2898550724637846,1.0294117647059409,0.5882352941176805,0.8870967741935988,0.9701492537313984,2.500000000000142,0.4838709677419629,0.5468750000000311,1.3043478260870307,0.36231884057973074,2.318840579710277,2.348484848484982,2.462686567164319,2.500000000000142,1.7910447761195047,1.4843750000000844,0.7462686567164603,2.500000000000142,1.76923076923087,1.8939393939395015,1.7647058823530415,1.4426877470356552,0.5223880597015222
74,1.2318840579710846,1.3709677419355617,0.22727272727274017,0.9558823529412308,0.5882352941176805,1.2686567164179825,0.23437500000001332,2.076923076923195,2.1969696969698216,2.4603174603176,0.8593750000000488,0.2985074626865841,1.5441176470589113,1.2686567164179825,2.500000000000142,2.4603174603176,1.4705882352942012,1.6666666666667613,2.500000000000142,1.6176470588236214,2.4603174603176,1.1194029850746905,1.7424242424243415,1.7391304347827077,1.5217391304348693,1.7164179104478587
77,1.6417910447762127,0.3174603174603355,0.5970149253731682,0.7575757575758006,0.3731343283582301,2.279411764706012,1.904761904762013,1.1111111111111742,1.060606060606121,0.9677419354839258,0.3076923076923252,2.3134328358210268,1.0294117647059409,1.1194029850746905,0.3787878787879003,2.3846153846155205,0.7812500000000444,2.132352941176592,0.8730158730159225,0.2898550724637846,1.3709677419355617,2.205882352941302,2.426470588235432,1.8656716417911507,1.250000000000071,1.4705882352942012
79,1.6911764705883314,1.2903225806452345,2.463768115942169,1.9852941176471717,1.3432835820896285,0.9848484848485408,1.1111111111111742,0.3676470588235503,1.1538461538462195,2.380952380952516,0.6716417910448143,2.1641791044777348,1.7391304347827077,2.462686567164319,0.6617647058823906,1.250000000000071,0.7462686567164603,0.5970149253731682,0.9836065573771051,0.5970149253731682,2.4603174603176,1.6666666666667613,1.1594202898551385,1.060606060606121,1.1940298507463365,0.8823529411765207
82,0.5147058823529704,1.40625000000008,0.46875000000002665,2.238805970149381,1.0869565217391923,0.5797101449275692,2.4193548387098147,1.9117647058824616,1.4705882352942012,0.5384615384615691,2.279411764706012,1.8382352941177516,1.212121212121281,0.8823529411765207,1.5441176470589113,0.2985074626865841,1.0294117647059409,2.426470588235432,2.500000000000142,2.500000000000142,0.8461538461538943,0.9558823529412308,0.9558823529412308,1.7910447761195047,2.0454545454546618,0.2985074626865841
85,1.6911764705883314,1.0156250000000577,2.388059701492673,2.388059701492673,1.5671641791045667,2.1641791044777348,1.5573770491804164,1.7164179104478587,0.5303030303030605,2.500000000000142,0.9230769230769755,1.4179104477612745,1.3432835820896285,2.352941176470722,1.4705882352942012,1.8181818181819214,2.1739130434783847,1.8382352941177516,1.40625000000008,2.1969696969698216,2.2727272727274017,1.4615384615385447,1.1363636363637009,0.2898550724637846,1.6666666666667613,1.3432835820896285
87,2.2340425531916166,1.7968750000001021,1.102941176470651,1.2307692307693008,0.29411764705884025,0.9558823529412308,0.6923076923077317,0.2238805970149381,2.265625000000129,2.307692307692439,0.3676470588235503,0.7575757575758006,2.121212121212242,0.7352941176471006,1.5441176470589113,1.5217391304348693,0.5645161290322901,2.279411764706012,1.5873015873016774,0.3731343283582301,1.532258064516216,1.2318840579710846,1.8656716417911507,0.5882352941176805,1.0869565217391923,0.22727272727274017
90,0.2127659574468206,1.7187500000000977,1.102941176470651,1.4179104477612745,2.462686567164319,0.5072463768116231,2.1186440677967306,2.132352941176592,0.4477611940298762,2.4603174603176,1.746031746031845,2.352941176470722,2.0454545454546618,2.3134328358210268,2.1014492753624383,1.060606060606121,0.2238805970149381,0.6716417910448143,1.307692307692382,2.238805970149381,0.24193548387098146,1.6417910447762127,1.2318840579710846,0.6716417910448143,1.1194029850746905,0.3731343283582301
93,2.307692307692439,2.377049180328004,2.426470588235432,1.4393939393940212,2.132352941176592,2.500000000000142,2.0634920634921805,2.388059701492673,0.22058823529413019,0.23809523809525163,2.10937500000012,1.3432835820896285,1.0000000000000568,2.0149253731344428,1.2686567164179825,1.2686567164179825,1.8656716417911507,1.0447761194030445,2.4218750000001377,1.3235294117647811,1.5873015873016774,0.5223880597015222,2.279411764706012,1.0447761194030445,1.8939393939395015,0.2985074626865841
95,2.173913043477767,2.3015873015867783,1.0714285714283278,2.3134328358203695,1.136363636363378,0.984848484848261,0.23809523809518396,1.8656716417906207,1.5624999999996447,2.0634920634915943,0.3076923076922377,0.7575757575755854,2.121212121211639,1.2686567164176221,2.4999999999994316,2.0895522388054952,1.818181818181405,1.2499999999997158,0.7142857142855519,1.4705882352937834,1.1111111111108585,2.1323529411759856,0.5223880597013738,1.4705882352937834,1.3970588235290942,1.2686567164179825
