Time,250,250.1,250.2,250.3,125,125.1,125.2,125.3,62.5.3,62.5.1,62.5,62.5.2,31.25,31.25.1,31.25.2,15.625.1,15.625,15.625.3,15.625.2,7.8125.2,7.8125,7.8125.1,3.90625.1,3.90625.3,3.90625,3.90625.2,1.95312.2,1.95312.3,1.95312,1.95312.1,0.976563,0.976563.1,0.976563.2,0.488281.1,0.488281.2,0.488281.3,0.488281,0.24414063,0.24414063.1,0.24414063.2,0.24414063.3,0,0.1,0.2,0.3
0,0.0009920413047251,0.0010244147164101,,,0.0009743503614817,0.0010568473123169,,,,0.0012574254493835,0.0016285466400096,,0.007569933362249,0.0063045576316328,,,0.0012401401254955,,,,0.0033613370169156,,0.0067764167289935,,0.0022794995352183,,,,0.0022346537489004,0.0048624100987094,0.0202379882604761,0.005311522023647,,0.0068677406118104,,,0.0011759950971554,,,,,,,,
1,0.0009485673615909,0.0009263273987846,0.0008016399330612,0.0022067095022002,0.001026523864474,0.0010316290677693,0.0036959771158683,0.00424712552531,0.0100328572666139,0.0012874580658937,0.0015584730128133,0.0024851235312592,0.0071214154848571,0.0060313486019598,0.0016295831672909,,0.0010199315383312,,0.0050131273809266,0.0063737416496261,0.0038153752757249,0.0016055626195515,0.0057649451975945,,0.0022627294052279,0.0010091847112955,0.0052024974893283,0.004324600355416,0.0022445114676993,0.0044651806634226,0.0218454562338122,0.0069496663463822,0.0012193206379199,0.007096086246434,0.001131054087296,0.0005837222861233,0.0012708406797758,0.0073225142226378,0.0061491053444535,0.0012506186364368,0.0010734708457754,0.010612111503801,0.004141994342511,0.0005520445313169,0.0015642544471116
2,0.0009050934184567,0.0008282400811591,0.0009393632744282,0.0019860236966,0.0010786973674663,0.0010064108232218,0.0024728179464122,0.0041695088345713,0.010874765025686,0.001317490682404,0.001488399385617,0.0043007562811426,0.0066728976074651,0.0057581395722868,0.0011283440788874,0.0084574953511362,0.0007997229511668,0.0022925029160838,0.0037100748435382,0.0043754942097815,0.0042694135345342,0.0018418742450682,0.0047534736661956,,0.0022459592752374,0.0008490808392638,0.0052049270718027,0.0038169957246548,0.0022543691864983,0.0040679512281358,0.0234529242071484,0.0085878106691174,0.0011900630235411,0.0073244318810575,0.0009721543260272,0.0006317720032858,0.0013656862623962,0.0065425549151028,0.0066709007516289,0.0014793464940245,0.0011285395646823,0.0100895643631755,0.0046141312064269,0.0005240781380069,0.0007530685995097
4,0.0007999022817542,0.0008520584054513,0.0012003185851607,0.0020361030290992,0.0011755165164555,0.0011534331405138,0.0012496587769561,0.0036977458286645,0.0087415712501005,0.0076172125945678,0.0017192272235837,0.0042376461644056,0.0155691849408687,0.0047672436969515,0.0019972019804737,0.0099226175990027,0.0008707813638287,0.0030807253485259,0.0035448202634661,0.0036373410618197,0.0040357504228509,0.0017209868930575,0.0137865009184038,,0.0019595533784357,0.0008341403499752,0.0065504466037337,0.0043603917657842,0.0021110380224306,0.0054389551424166,0.0199129248680978,0.0094183693014972,0.0011065304394254,0.0086323097092763,0.0013775707420765,0.0006575703264117,0.0009319835590987,0.0025535354924086,0.0058563687865702,0.0016085762043071,0.0012923944238113,0.0088979196888888,0.0050715659971293,0.0005277420414817,0.0008536193633738
5,0.0005063170003565,0.0009553658226523,0.0012271234058548,0.0019594929805206,0.0009732855748065,0.001017023313279,0.0010041624092788,0.0034134709735266,0.0093511467430018,0.0142570602602422,0.0014250886979068,0.0007269833756729,0.0091558560639883,0.0045889124688817,0.0018965848430983,0.0115739531589794,0.0215044407153654,0.0028372734084816,0.0036673302242225,0.0038730820555476,0.001285115586247,0.0017323675777449,0.0207267833191371,0.0028290260707338,0.002526174064382,0.0009077369534117,0.0060970947473879,0.0040585484763073,0.0020344500272946,0.0044205983999568,0.0203691854410326,0.0108078400189578,0.0010060571919088,0.0073819669463216,0.002069010355743,0.0016759436751815,0.0011685155418001,0.0033553791820438,0.0051528054073638,0.0015158300570152,0.0011985267342332,0.0093172536948611,0.0039296099923655,0.0004972365268883,0.0015908896793897
6,0.0012483500718353,0.0020908656272959,0.0012539282265488,0.001882882931942,0.0016422666262463,0.0012658203667617,0.0007586660416015,0.0031291961183887,0.0099607222359031,0.0013283966767085,0.0017242008633933,0.0036836778109075,0.0017528949462648,0.004103382875871,0.001795967705723,0.0106011619000769,0.0113327397251272,0.0025938214684373,0.0037898401849789,0.0041088230492755,0.0015996165606994,0.0017437482624323,0.0181355112184131,0.0011889106783537,0.0022503699102731,0.0009813335568482,0.005643742891042,0.0037567051868305,0.0019578620321587,0.0034022416574969,0.0208254460139674,0.0121973107364184,0.0009055839443921,0.0061316241833669,0.0027604499694095,0.0006399579818139,0.0013639151265838,0.004157222871679,0.0044492420281573,0.0014230839097233,0.001104659044655,0.0097365877008335,0.0027876539876017,0.0004667310122949,0.0007869093123243
7,0.0008426108131611,0.0010140157040703,0.0009639983141364,0.0015794616956799,0.0009995621476447,0.0010875820584643,0.0005407296079298,0.0013374208837359,0.0087421396466906,0.0185931649110527,0.0020857011214699,0.001987605585217,0.0095205361111198,0.0020071177356942,0.0011493841975655,0.0096283706411744,0.0011610387348889,0.0025929033423593,0.0026197954094106,0.0034021575281344,0.0019141175351517,0.0019542844019055,0.0155442391176891,0.002974970643505,0.0019745657561641,0.0027675804235035,0.0056423342425377,0.0032755108755336,0.0080977956673928,0.0031730112108404,0.0188183526316206,0.0092171379605552,0.0010602811317907,0.0060942964620281,0.0032667120444792,0.0052281149866677,0.0013164105396344,0.0015283776600058,0.0046624392066402,0.0036731130079403,0.0011961512353284,0.0043000580390751,0.0018640994373249,0.000487975521462,0.0013308761274173
8,0.008472762232192,0.0070510989133597,0.0045096565994236,0.0034104356107954,0.0055828548111895,0.001642134509699,0.0019462766882946,0.0075212776673424,0.0090281613134759,0.0031928196202139,0.0015620849653986,0.0016791313479623,0.0063734880949789,0.0017568906362124,0.0084259804554319,0.0016031989399393,0.0076823850754504,0.0025203996321286,0.0015900471691116,0.0025845003012194,0.0023356024888005,0.0017541653898516,0.0009795907373218,0.0047610306086563,0.0014856520999756,0.002246114449551,0.0038444167770517,0.0030472936698493,0.0027151683721019,0.0029437807641839,0.0007295842352202,0.0091924514775715,0.002743481049981,0.002303082341473,0.0007922620078149,0.0061397296713907,0.0013898236315436,0.0029551530870416,0.0031832941647987,0.0063193984413401,0.0060690607410726,0.0010846875883252,0.001907614879383,0.0008507204136179,0.0049485376707033
9,0.0023588898047834,0.0009213913529638,0.0007533402982306,0.0014797968666794,0.0043074047845671,0.0021966869609336,0.0005992771627863,0.003389346466177,0.0093141829802612,0.0181361822421875,0.0022161736789721,0.0028615327619824,0.0093834031396578,0.0034610350096312,0.0012250548941459,0.0095546841273301,0.0011704368707258,0.0024478959218979,0.001820559361435,0.0055781409908111,0.0027570874424493,0.0015540463777977,0.0163994344832396,0.0047442328199858,0.0020729575408035,0.0008392261624668,0.0060999886748341,0.0028190764641651,0.0016951560520777,0.0027145503175274,0.0179655352957809,0.0091677649945878,0.0009670381536928,0.004231874829052,0.0026845302958241,0.0005969162036699,0.0014632367234527,0.0033651359639726,0.0015277626150873,0.0089656838747399,0.0017699972124148,0.0093602125296445,0.0016473372261649,0.0004821355912709,0.0015575032242057
10,0.0084629988651194,0.010419684369574,0.0048778575190244,0.0024014774166446,0.0042833442896519,0.0033423968918781,0.0011320553797036,0.00422692836379,0.0093390928493943,0.015228389968215,0.0012156629548329,0.0017926738838058,0.0047062098110901,0.0015809632032813,0.007552909073691,0.0015565272958664,0.0072859680573148,0.0021876847068532,0.0018742399492229,0.0021904643487004,0.0025541781229408,0.0014713674011516,0.0012324461225449,0.0047274350313154,0.0014735989370111,0.0030682131322417,0.0031963993080107,0.0030530037827728,0.0030233651275818,0.0022223568002858,0.0008977141558869,0.0083270915786953,0.0030426945036083,0.002503515313941,0.0006046832651121,0.0054014521793263,0.0012888933205634,0.0028319750820838,0.0039618709100156,0.0109116766003129,0.0096257560329859,0.0009047779084854,0.0017777476071202,0.0007628462734202,0.0040351667292585
11,0.0093485712496433,0.009687098893239,0.0009410396142328,0.001361153737018,0.0043856160874079,0.0019999332203727,0.0009632185466715,0.0033240444297871,0.0093640027185274,0.0142513307163561,0.0013527341091367,0.0019804626966941,0.0049692108459392,0.0016302377593882,0.0010327416925624,0.0103717022610663,0.0009678744051774,0.0019274734918085,0.001474632195385,0.0195767617760016,0.0023512688034323,0.0013886884245055,0.0164389081495525,0.0042414592086352,0.0014231597779242,0.0009243645172579,0.0065133362712757,0.0032869311013806,0.0011626864612985,0.0017301632830442,0.0174782946450464,0.0074864181628028,0.0010984022504364,0.0037526913278955,0.0028076617439666,0.0006217149931964,0.0011145499176741,0.0051917952118236,0.0046650903400985,0.0128576693258859,0.002436250893591,0.0085529028839814,0.0037060381080468,0.0005055482466925,0.001513300332646
12,0.0102341436341672,0.0089545134169041,0.0023807292654653,0.0028148580373276,0.0044878878851639,0.0006574695488673,0.0015893378214053,0.0049412123368007,0.0090636312681345,0.0132742714644972,0.0014898052634404,0.0016473256722149,0.0052322118807884,0.0016795123154952,0.0048081555487652,0.0016783577676521,0.0072104071033539,0.0018299897795425,0.0017284643262552,0.0022503808408547,0.0020799698338687,0.0013566859027259,0.0009296163740332,0.0037554833859551,0.001801493311467,0.0017426392710562,0.0024002234956627,0.0035287098399553,0.0033240374255115,0.0016128077957985,0.0017954461617109,0.0078658405482735,0.0026798994591422,0.0020944520420506,0.0006538021715798,0.0039704868980627,0.0018049575716462,0.0023589670388108,0.0032978781056915,0.0132052713424628,0.0092089259947353,0.0010884408126258,0.0017317716956904,0.0006938246995545,0.003324017284716
13,0.008497539150358,0.0075892147534877,0.0024979560271801,0.0023585769202888,0.0027231859613828,0.0006400957135636,0.0013330402608309,0.0075765239776607,0.0090446791833561,0.001388559863748,0.0010935530052303,0.0016057166018573,0.0045225504287184,0.0014571884136478,0.003576523088848,0.0014780889906014,0.0071878898282869,0.0018729890108273,0.0021578642569124,0.0020279637181432,0.0018716761190381,0.0014504534245229,0.000988559558145,0.0034810499304564,0.0018567504448976,0.0018723440573002,0.0017837460581596,0.0037101795850933,0.0034828363682638,0.001585603986309,0.0012838088518798,0.006718397631406,0.0029018153160589,0.0018265708612345,0.0006841494928444,0.0035679192282123,0.0016807799187215,0.002528229077339,0.0053915176568085,0.0111298286875193,0.0088231046602792,0.0009868611407748,0.0022181073012818,0.0009471122451633,0.0033806570660243
14,0.0034303159722061,0.0021176788284192,0.0010597693669431,0.0014071267186152,0.00895137690299,0.0040355938257928,0.0008055560228014,0.0025504270022118,0.0090257270985778,0.0129639794655852,0.002342830956552,0.0016500666338477,0.0017746830702973,0.0022303469361482,0.0010865471817353,0.0097992471438886,0.0008693776831377,0.0019159882421122,0.0012812675701606,0.0047283417819447,0.0016633824042074,0.0015442209463199,0.0171899061534151,0.0035979927725672,0.0010945878173814,0.0007912149218964,0.0071561639138595,0.0038916493302312,0.0014074383930566,0.0015584001768195,0.0165035563549294,0.0055709547145386,0.0007736008632971,0.0041176186588114,0.0029863881288648,0.0006496152707564,0.0015566022657969,0.003531260839261,0.0038062279205858,0.0090543860325759,0.0014924302205737,0.0089207949552185,0.0025465857470931,0.0013257347966322,0.0017075257707288
15,0.0021683526204055,0.0020850555844205,0.0013177636874625,0.0012476300340062,0.0093684767034079,0.004391881496571,0.0026542634001792,0.0020948508175412,0.0023902050952733,0.0120313288564078,0.0022400249843794,0.0019297558273386,0.0022374609826504,0.0022786197278416,0.0035864396021134,0.0093279379606814,0.0008068943785488,0.0038270262457154,0.0023246411851222,0.0026366220149643,0.0019510062812921,0.0013752976873161,0.0152820089292034,0.0027399151384119,0.0012085625740972,0.0015569620448007,0.0011213487277326,0.0093099059664702,0.0013749617377247,0.0016178684861067,0.0167565563516962,0.0052034994955495,0.0164163649956889,0.0042930409735446,0.0012026105570377,0.0006002295899977,0.0015591395402088,0.0035498625865602,0.0036908856687214,0.0085674305077408,0.0020941121048657,0.0083420443706021,0.0186741762855548,0.0017043573481011,0.0016983020409106
16,0.0005131975915711,0.0012875511082475,0.0011929905322553,0.0012098667185535,0.0074665365292424,0.0047481691673493,0.0014442319530609,0.0019323892658095,0.0086998419826147,0.0110986782472304,0.0021372190122069,0.0022094450208295,0.0027002388950035,0.002326892519535,0.0011179410875512,0.0088566287774742,0.0007444110739598,0.0016515431985597,0.0011123382256174,0.0040485865674742,0.0022386301583768,0.0012063744283123,0.0133741117049917,0.0018818375042566,0.001322537330813,0.001396735496839,0.0075097612720968,0.002583821360694,0.0013424850823928,0.001677336795394,0.0170095563484631,0.0048360442765605,0.0009792919167581,0.0044684632882778,0.0025169560785271,0.0005508439092389,0.0015616768146208,0.0035684643338595,0.003575543416857,0.0080804749829058,0.0015253715961935,0.0077632937859856,0.0027439931933199,0.0016886819851134,0.0010329439766459
17,0.0022118732599942,0.0020205323852307,0.0018992789432312,0.0011187013902155,0.005564596355077,0.0044429498094819,0.0008345796761246,0.0028222954143077,0.0074745411254528,0.0125670189043497,0.0018266829417335,0.0021857687207779,0.003651829026913,0.0023406320769812,0.000956954082765,0.007319146457793,0.0008712569125091,0.0027754046544927,0.0012147321361845,0.0101273851497802,0.0015712359058858,0.0013890972709174,0.0105595312180785,0.0018314354891047,0.0011709568975937,0.000939648945535,0.0074268036500612,0.0018039649544716,0.0014753892487083,0.0027044305212825,0.0161335268416117,0.0041752611304857,0.0008046167841043,0.0036382953505654,0.0020707918805002,0.0006122438922331,0.0010047463031559,0.0040049940138608,0.0027061900506186,0.0081756141461462,0.001266997056707,0.0071467539263506,0.0020429206616021,0.0013826204253179,0.0015626671545639
19,0.0052910039032162,0.0038722679014864,0.0012454630419645,0.0010548464313238,0.0032185935955386,0.0027266417760075,0.002795629358658,0.0062109830883983,0.0015862815398379,0.0104867982999389,0.0015862815398379,0.0027266417760075,0.006052920661714,0.0135714308616366,0.0044304853007317,0.0046537334010341,0.0028331613101932,0.0018066543665017,0.0036396559230365,0.0082517032613009,0.0127885534397247,0.0009753662190612,0.0111914308316237,0.0018446305453506,0.0178690875360403,0.0009226705802589,0.001258970222953,0.0018349715115443,0.003734759131498,0.0038950716908375,0.0022326235336789,0.0037342488130186,0.007498986260294,0.0085987680741154,0.0026966536997676,0.0151727944534396,0.0011564889848813,0.0086232383084344,0.001599208693451,0.0037342488130186,0.0013008098605427,0.0019858963934597,0.0097733863167459,0.0054708036157828,0.0015217924145447
20,0.0046014278749469,0.0033380773219424,0.005018849039273,0.0012369211916708,0.0041397267933206,0.0023646633521518,0.0043469607660104,0.0297934342681436,0.0005012916168809,0.0093014974019476,0.0016475816541722,0.0021911960191007,0.0054476812882192,0.0088804380246474,0.0023523860752098,0.0007190027836306,0.0015873532498909,0.0163027860534736,0.0005945038121061,0.0168599489796625,0.0049191519142587,0.0011396725862691,0.002460331774774,0.0006588772375178,0.0035473398956117,0.0031697072018922,0.0035887156205157,0.0078680323017023,0.0065605695506664,0.0006801585828978,0.002136526517169,0.0032109707404283,0.0042206736432727,0.0049262786621604,0.0014176549488629,0.0079625459028442,0.0019911765401654,0.0041696347971658,0.0059503921312892,0.0007335679096865,0.0027379445993801,0.0005273469635994,0.0065222556983695,0.0021226504703084,0.001434227737902
21,0.0039118518466776,0.0028038867423983,0.001836858473218,0.0011324276364083,0.0050608599911027,0.0020026849282961,0.0045518735822269,0.0029496255973697,0.008167800198211,0.0081161965039564,0.0017088817685065,0.0027859719249115,0.0048424419147243,0.0041894451876581,0.0012622492267808,0.0084056039173393,0.0003415451895886,0.0016852350246108,0.0016327148614393,0.0254681946980242,0.0013679406766135,0.001303978953477,0.0074067244420665,0.0007073890374481,0.0020850321889956,0.00080767319959,0.0074832703708363,0.002255476855621,0.0012042484030147,0.0019355657901514,0.0175942721016244,0.0026876926678381,0.0009423610262513,0.0036263265024593,0.0024036229963893,0.0006707021071127,0.0013647076061406,0.00161058228869,0.0029895527760459,0.011068101619374,0.001504205076242,0.0042659375267596,0.0032711250799931,0.0011920918182089,0.0013466630612592
22,0.002116297722293,0.0075228650935864,0.0066661694492452,0.0009120521259554,0.0053989858661405,0.0009245984820132,0.0047567863984434,0.0256748543823354,0.0004513287952493,0.0034942800638658,0.00419843923087,0.0017713404694816,0.010162817106522,0.003383088993692,0.001869697259187,0.0006244683158943,0.0028920181613727,0.015616388522441,0.0005156487808173,0.0257840525718726,0.0044006511457005,0.0012085655259979,0.002412556795725,0.0007559008373783,0.0023483359985371,0.0029686802119724,0.003975344064808,0.0066039093218375,0.0013100578545539,0.0005420358077667,0.0022731827135368,0.0031930293936731,0.0009091268299273,0.0050945922821092,0.0015021935708091,0.007509628366789,0.0023471311475507,0.0039059152886902,0.0060630401235977,0.0006290900498944,0.002335100571959,0.0047502261674143,0.0022491163911191,0.0014608032221849,0.0009688114775395
23,0.0023802208119209,0.0057119038803515,0.0062317653551147,0.0011935357279121,0.0061281717182622,0.0008707652994997,0.0047393096912517,0.0274818647110452,0.0004586966605577,0.003265397366892,0.0035886332074574,0.0017943874461549,0.0104984675777132,0.0030958527474295,0.0016572555597966,0.0007654921890947,0.0029489754961384,0.0153645923868479,0.0005433016535305,0.0260526654653649,0.0038907416999341,0.0010935849043433,0.0031601570981171,0.0008039294445544,0.0025794173324718,0.0034683316302677,0.0035334130553507,0.0069817676449998,0.0026077513857948,0.0005492264587482,0.009497536731726,0.0026387378987105,0.0009654332914622,0.0052023946014123,0.0017342959625856,0.0086375835262027,0.0023372389301687,0.0034168560695918,0.0063399390502811,0.0006763381842571,0.0022636881455952,0.0044769025164603,0.0026703536360793,0.0017615062709695,0.001004522798987
24,0.0026441439015487,0.0025117022617226,0.0057973612609842,0.0014750193298689,0.0068573575703838,0.0008169321169862,0.0047218329840599,0.0292888750397551,0.0004660645258661,0.0030365146699183,0.0029788271840449,0.0018174344228282,0.0108341180489044,0.0028086165011671,0.0014448138604062,0.0009065160622951,0.0030059328309042,0.0151127962512548,0.0005709545262437,0.0263212783588572,0.0033808322541676,0.0009786042826887,0.0039077574005092,0.0008519580517305,0.0028104986664064,0.0039679830485631,0.0030914820458935,0.007359625968162,0.0039054449170357,0.0005564171097297,0.0167218907499152,0.0020844464037478,0.001021739752997,0.0053101969207154,0.0019663983543621,0.0097655386856164,0.0023273467127866,0.0029277968504934,0.0066168379769645,0.0007235863186198,0.0021922757192314,0.0042035788655062,0.0030915908810396,0.0020622093197541,0.0010402341204346
25,0.0029080669911766,0.0045346146411979,0.0049437023031235,0.0013102059305571,0.0057110227955471,0.0010069611237447,0.0035000866468829,0.015679570361594,0.0034328840403747,0.002101448791187,0.0024589608618712,0.0019227076933866,0.0013980612914566,0.0022697332608987,0.0015556081147491,0.0047448417232616,0.0019262419395381,0.0090752301021883,0.0012329353564488,0.027051905364862,0.0054015227048364,0.0010712828902378,0.0030928859903268,0.0014529181261096,0.0014939388733888,0.0023807407294985,0.0051011526870283,0.0045950218445612,0.0017521410716601,0.0006802861113552,0.0089398900260331,0.0009853973483705,0.0010070401938672,0.0141595151169571,0.004121572338734,0.0025992970862179,0.001545711963246,0.0012960022564561,0.0020718938645708,0.0096527846837823,0.0017626170563825,0.0043844712350041,0.0029218637753162,0.0019713477599907,0.0027838443436523
26,0.0028650312998471,0.002703938407798,0.0014781769757181,0.0011453925312454,0.0045646880207104,0.0011969901305032,0.002278340309706,0.0020702656834329,0.0063997035548833,0.0068856409021173,0.0019390945396976,0.002027980963945,0.0061819133593539,0.0019696935963736,0.001666402369092,0.0085831673842282,0.0019485039507772,0.0030376639531217,0.0018949161866539,0.0277825323708669,0.001773932942375,0.0011639614977869,0.0022780145801444,0.0020538782004888,0.0024702753903566,0.0007934984104339,0.0071108233281631,0.0018304177209604,0.0014529111302464,0.0043592208848243,0.0171158346997262,0.0019324718706527,0.0009923406347374,0.0044819266354495,0.0014449037460824,0.0004835222430384,0.0012240427695772,0.0032886656074201,0.0029911172821545,0.0062901432619328,0.0013329583935336,0.0043960105032555,0.0027521366695929,0.000982417866885,0.0009786765638516
27,0.0015542328338005,0.0011275718369646,0.000796548609939,0.0012286735508826,0.0043127033072448,0.0011602267738753,0.001056593972529,0.0016063860652023,0.010218731673616,0.0062589537041102,0.0018969421857783,0.001356775974978,0.0041915530600212,0.0011271726608124,0.006707311516381,0.000804956790834,0.0009065415290319,0.0036251486978098,0.0033141047242742,0.0009045348586613,0.0004963363600353,0.0009460738375584,0.0013114412813385,0.002654838274868,0.0024082411933689,0.0104317275403483,0.0032260217296137,0.0015958377999187,0.0013083640612675,0.0012790103575905,0.0177832388292474,0.0006945964912913,0.0013004743386358,0.000368043828133,0.0027102513500229,0.0026668968738168,0.0015486431549942,0.0045881885825787,0.0012838541870083,0.006755117947779,0.0011238207602931,0.0011529428036263,0.0014645411134298,0.0007384649837418,0.0011135484180605
28,0.0024328435724684,0.002602195797627,0.0017432383098515,0.0014695405345604,0.0021768925354989,0.0069366676179818,0.0014546883278079,0.0007242959028362,0.000848414309784,0.0011463047718422,0.0019176623083688,0.0018067950502055,0.0022011927606884,0.001774007524364,0.0007421547350746,0.0097580168257692,0.0059050080911037,0.0027848968594053,0.000803037025839,0.0005326997038237,0.0008683477286074,0.0008593804736755,0.0022415155937139,0.0013671502708923,0.0021816343710182,0.0055900201311465,0.0015436326122451,0.0016840073705861,0.0014797616174385,0.0032775475347887,0.017877416578994,0.0008431419137136,0.0009632572704544,0.000532319626832,0.0010246090400654,0.0016171263277988,0.0023287947118899,0.0016679294935692,0.0010366572373972,0.0009586947788594,0.0012313634690718,0.0021418553226518,0.0005496032855778,0.000940916048499,0.0005815580097205
29,0.0036463488511081,0.0021322237573154,0.0015164614938022,0.0011957535066441,0.003502301833232,0.0020899524479202,0.0028280680363068,0.0010196599500474,0.0078961863847438,0.0057600691590315,0.0019383824309593,0.002256814125433,0.0059564780073547,0.0025075777296016,0.0012347107863099,0.0060441716723204,0.0020781251581145,0.0019446450210007,0.0019258460132124,0.0206408680576585,0.0021265199329694,0.0013261333657026,0.0085701769939462,0.0033222809180757,0.0019550275486676,0.0007483127219448,0.0071962164269981,0.0017721769412536,0.0012302091830848,0.0035242222221167,0.0179715943287406,0.0044680449606408,0.0007028046662724,0.0039492147913673,0.0013579015287778,0.0005673557817808,0.0012970099646821,0.0037813946210938,0.0032635934208793,0.0036261932901843,0.0013389061778505,0.0031307678416773,0.00258752820568,0.0014540732835466,0.0008397180883673
30,0.0029336549312489,0.0014079202385379,0.0020194220984298,0.0011221430452531,0.0008625159403814,0.0023907337457645,0.0042014477448057,0.0011219048727117,0.0071211085273158,0.003541858993662,0.0018641227385038,0.0021941038785548,0.0064918252791808,0.009322368927288,0.0014838608981135,0.0063920265923576,0.0022275562054025,0.0021034813305724,0.0004349615886606,0.0240630939027545,0.0021871465897592,0.0011351656722865,0.0094225754038947,0.0052774115652592,0.0018310208559753,0.00781906538135,0.004145848443863,0.00037841179781,0.0009069696714677,0.0011540586240177,0.019430375902047,0.0009047410920017,0.0043070368407374,0.0039088683902434,0.0028798704866492,0.0005436195926681,0.001379397675699,0.0040026650098797,0.0028987386586085,0.0023117601887154,0.0064843593812746,0.0015260409751674,0.0024741159654134,0.0014599294030509,0.001858501385898
31,0.0022209610113897,0.0013879408506611,0.0025223827030575,0.0010485325838621,0.004005241115965,0.0010183332680047,0.0055748274533046,0.0012241497953759,0.0063460306698879,0.0044638246500233,0.0017898630460484,0.0021313936316765,0.0070271725510068,0.0020772468442518,0.001733011009917,0.0067398815123947,0.0023769872526904,0.0022623176401441,0.0017503325014254,0.0274853197478506,0.0022477732465489,0.0012328770252923,0.0102749738138433,0.0034220071619774,0.001707014163283,0.0008100392479702,0.0077399032680763,0.001792786667067,0.0010541446854041,0.003244601404118,0.0208891574753533,0.0035559367101233,0.0008627260337019,0.0038685219891194,0.0012862590642249,0.0005198834035554,0.001461785386716,0.0042239353986656,0.0025338838963378,0.0040563146169404,0.001065570952915,0.0037714776038207,0.0023607037251468,0.0016570611142827,0.0007862952267383
32,0.0027105934909481,0.0143942494547978,0.0013814154487247,0.0015571221130552,0.0008080917928546,0.0024684734373922,0.0069482071618035,0.0018996482502537,0.0137432288395258,0.0025095813658877,0.000802348818116,0.0020874905225467,0.0017654368982947,0.0068198913652685,0.0027503053051813,0.0007733371082847,0.0040133811486706,0.0017735094423899,0.0010801662388917,0.0021501875737973,0.0018595121329322,0.001596392464127,0.0010225527847162,0.0015666027586957,0.0011834015060354,0.0014362400048426,0.008133278987357,0.0047624423192627,0.0010103567331845,0.0013362587371416,0.0193842424894804,0.0054882231949452,0.0011802535395928,0.0007374613469,0.0018611048416348,0.000490135797747,0.0014062648030163,0.0040820534653317,0.0014114150477357,0.0084233446185556,0.0015166896520607,0.00203038027521,0.0011443000955249,0.0013705181901161,0.013257579830768
33,0.001377908819933,0.012564790499351,0.00170424637192,0.0013566835237739,0.0022679552546842,0.0026184191568805,0.0090695510079547,0.0031717317642557,0.0134016385083648,0.0014466990950453,0.0008608944421392,0.0022105323067506,0.0015591764710669,0.0062959420484002,0.0034775082102052,0.0008855140382151,0.0035346322356547,0.0018324563513021,0.0012513775563075,0.0014547971710147,0.0024304918669629,0.0016106218051358,0.0013776648514925,0.0017606366224992,0.0013830876132697,0.0021158230735297,0.0075337033042285,0.0049477024197021,0.001061858972374,0.0017230664904399,0.0177969680672783,0.006150367389982,0.0024152917934393,0.0007861938948733,0.0021044514126652,0.0005647260061327,0.0014059355999407,0.0037727376028035,0.0011581965877518,0.0076476248504481,0.0011804719831473,0.0018098462672256,0.0011397489977086,0.0013486918421322,0.0124309064880399
34,0.0015465104087733,0.0018252493018778,0.001982669550969,0.0011087736166452,0.0037278187165138,0.0010848203860516,0.0084094344534749,0.0013758501318945,0.0042000066826998,0.004424480509368,0.0006618214597075,0.0023335740909546,0.0073157185884955,0.0028316911349128,0.0012637849945655,0.0064696603148687,0.0030558833226388,0.0018914032602143,0.0014225888737233,0.0262913352458236,0.0018808708051476,0.0012064171156081,0.0069281611822291,0.0018362936712296,0.0020481695885494,0.0008641093067739,0.0069341276211,0.0016500821447241,0.0011133612115636,0.0028818139323377,0.0162096936450763,0.0068125115850188,0.0008568765591116,0.0044624143830291,0.0018908038267704,0.0006393162145185,0.0010059826914184,0.0036975884700473,0.0031377542937636,0.0068719050823406,0.0008442543142339,0.0033025651116511,0.0035889763969326,0.0013268654941483,0.0116042331453119
35,0.0012228772618167,0.0015357970488634,0.0016149256800609,0.0013056298898787,0.0034372476341284,0.0028529197076285,0.0077493178989951,0.0034126164285182,0.0154452758543992,0.0009532091034692,0.0007583140005675,0.0020878230750319,0.0014422602902018,0.0069274732087155,0.0027888184023175,0.001301473961831,0.0025005110035658,0.0018265822054785,0.001583779358377,0.0016658882148282,0.0022663035054792,0.0011574572998744,0.0011302870359991,0.0019119507199599,0.0014638970346454,0.0020986247123344,0.0073949770710174,0.0051288130533298,0.0010692275609093,0.0027729611495033,0.0153918853149265,0.0061756028176647,0.0032726530790108,0.0011351303926877,0.0016771562408757,0.0005706663045148,0.0016425031605397,0.0038565431831755,0.0010494801730192,0.0065159638815474,0.0009634183841466,0.0013359083930299,0.0013703574540318,0.0014307264776377,0.0089228401958397
36,0.0011376184453934,0.001246344795849,0.002240993802153,0.0010258401928496,0.0031466765517429,0.001145032612437,0.0072985142839867,0.0015850456675257,0.0040594427246987,0.0040095903033176,0.0027001722115429,0.0018420720591092,0.0062985289966827,0.002337811480231,0.0012481625345772,0.0071272793202513,0.0019451386844927,0.0017617611507426,0.0017449698430306,0.0293495764971532,0.0014617598794594,0.0012306883592262,0.012245315291646,0.0021913178509493,0.0019316536315997,0.0008980675703851,0.0078558265209347,0.0012109723836339,0.001025093910255,0.0026641083666689,0.0145740769847768,0.0055386940503105,0.0011998972034761,0.0035080149416969,0.0025515353067007,0.0005020163945112,0.0009814340789913,0.0031880024750808,0.0026279273831295,0.0015739784526042,0.0010956513164455,0.0019720266771517,0.0043320181261295,0.0017243011379728,0.001099611236834
37,0.0012880457088922,0.0010357508870805,0.0021011730068468,0.0013992068075125,0.0026985808657497,0.0033770748802657,0.0068477106689784,0.0030048842001651,0.0166623213651796,0.0017978170860178,0.0007598099736141,0.0015123023764491,0.0014760375098574,0.0062359044557862,0.005043005528641,0.0007918808239868,0.0027155405527863,0.0018339812817398,0.0016534580481563,0.0014391261354076,0.002168410973903,0.0014945497691096,0.0012724343771249,0.0024706849819386,0.0013836513712396,0.0016588660629332,0.0083791608251932,0.0062809477836994,0.0009738439426746,0.0010290188554803,0.0143754876180845,0.0048000172794446,0.0026585607737919,0.0011624423563275,0.0015423816572011,0.000561022069719,0.0015043252733514,0.0050926686534518,0.0010915047943318,0.0085424034699592,0.0013707129358092,0.0021296508800731,0.0011456339079572,0.0021710037574758,0.0089487937938107
39,0.0011824013149593,0.0008176104827701,0.0014732687899468,0.0009322266417711,0.0022504851797565,0.0006044995889878,0.0007087188758927,0.0018370759274678,0.0048705692733676,0.0038652751540355,0.0026345241891752,0.0019131630126673,0.0048434004354149,0.0025594368822714,0.0010159195031963,0.0067501343716319,0.0037213975581968,0.0018223618743598,0.0015843439204488,0.0271471256776754,0.0015529362868807,0.0010850001422313,0.0060288091857957,0.0018268336854137,0.0020069025322503,0.0008826166372358,0.006564083426349,0.0013500108932022,0.0010533731232136,0.0013202177879152,0.0145139416241831,0.0045179885697787,0.0008330020240046,0.0022059456200077,0.002979149296731,0.0005147069784423,0.001332561976898,0.0047288603018144,0.0033336630369915,0.0021180343765513,0.0010452658765026,0.002102224449111,0.0066102570258664,0.0011270907798343,0.0011490165029496
40,0.0013237141040232,0.0008297744995014,0.001526298190386,0.0011385598657712,0.0021153307222199,0.000775627164521,0.0014737575655228,0.0011616820519183,0.0044180367236977,0.0041317922441569,0.0029288434435875,0.0019241473397399,0.0041099739353711,0.0027953502573074,0.0016034703406653,0.0068987226176647,0.002878885635873,0.0010068162753678,0.0016306866080306,0.0007755811398027,0.0015132233711671,0.0013901449875533,0.005378146838214,0.0011829823888889,0.0020869805524325,0.0013435140938903,0.0017787080273625,0.0013938835407768,0.0009668936400879,0.001511076549207,0.0141257087563045,0.0047546213380996,0.0011987001139835,0.002397276802291,0.0011117150552842,0.0008449355390934,0.0013553079008938,0.00489144013492,0.0028060066308945,0.0011792885385933,0.0009686690782707,0.0021696583414699,0.0050448971684175,0.0008064218311952,0.0011837692559047
41,0.001465026893087,0.0008419385162327,0.0015793275908252,0.0013448930897713,0.0019801762646834,0.0009467547400542,0.0022387962551529,0.0004862881763689,0.0039655041740278,0.0043983093342783,0.0032231626979998,0.0019351316668126,0.0033765474353272,0.0030312636323433,0.0010029586873799,0.0070473108636976,0.0020363737135492,0.0016981634502136,0.001124897597737,0.0279366569903678,0.0014735104554534,0.0011315931629431,0.0047274844906322,0.0008325615015397,0.0021670585726146,0.0009014425188968,0.006797113473949,0.0014377561883514,0.0008804141569623,0.0017019353104988,0.0137374758884259,0.0049912541064204,0.0006252770175747,0.0025886079845743,0.0026400056322792,0.0006823163163486,0.0013780538248896,0.0050540199680256,0.0022783502247976,0.0017033904390033,0.0010664228063183,0.0022370922338287,0.0034795373109686,0.0008423263388985,0.0012185220088598
42,0.0017019056927609,0.0033451923094415,0.001362565729003,0.0019370659533911,0.0021475136237479,0.0036507799775451,0.0030340980580712,0.0008957157965159,0.0122934919487461,0.0007912562288873,0.0029641623870886,0.001825165409279,0.0056646811622905,0.0033740662868815,0.00111490477028,0.0024103398179422,0.00141509596142,0.0034716350614659,0.0010815689347259,0.0027434820791343,0.0023292275983293,0.0045722980778512,0.0015476284417051,0.0032699195373644,0.0015052012603257,0.0021124844952308,0.0012227626341133,0.0016290883604878,0.0008123383269444,0.0021475136237479,0.0009531009445594,0.0029641623870886,0.0010008240681157,0.0028074166589162,0.0040375404140313,0.0018452518668068,0.0050775545676923,0.0022892557473446,0.0019568316235719,0.0048948054666146,0.0010446707597788,0.0064641961551899,0.0032699195373644,0.0015457383822939,0.0009303624184649
44,0.0138506459694197,0.0008022614641063,0.0014387790723125,0.0016933887599489,0.0037215542183708,0.0007818989352432,0.0009795184337384,0.0028252674829614,0.0055889007701607,0.0032513809703541,0.0035979492664642,0.0020896180893642,0.0004190712926213,0.0036860369432954,0.0158797730864553,0.0010197247650671,0.0136061598146108,0.0018399728258862,0.0051093786314971,0.0013052919653648,0.0057806824963369,0.0010990153474331,0.0023546492652316,0.0042160942082596,0.0008261331266059,0.0009298203914495,0.0053384567757698,0.0021568274761567,0.0036700425691801,0.0023563817632135,0.0123620149462727,0.0007414230064775,0.0041280749510056,0.0074318694951838,0.0042089828262229,0.0005596360798384,0.0018033434450655,0.0009697184030634,0.0016191501783554,0.0013362663818031,0.0009997783747526,0.0030800450021371,0.0034865156158033,0.0022491504256893,0.0146436012866362
45,0.0083796438057919,0.000883995338178,0.0013459192395681,0.0075256411361294,0.0016346946350378,0.0092690918073375,0.0143014077850792,0.0034915604717724,0.0031405774007419,0.0080471077436539,0.0030226501994676,0.0006703896370754,0.0063929055405752,0.0028830352764167,0.000450385637229,0.0023159156107853,0.0077553575489451,0.0011665695408636,0.0134273592932875,0.0049372031893253,0.0027360104188486,0.002697662006434,0.0194265724952517,0.0037880449708342,0.0014910460726632,0.0006966223349286,0.0031072261810353,0.001889127528726,0.000753344395199,0.0019692814135257,0.0123240189897168,0.0021072651831039,0.000724225608661,0.0066955066008462,0.0087259062512707,0.0012426365396286,0.0109512589157174,0.0048214062246603,0.0021904079165644,0.0011511936907316,0.0019283674710847,0.0025699800244645,0.0040553649118052,0.004473973748407,0.0078477785684991
46,0.0029086416421642,0.0009657292122496,0.0011193854269987,0.00087280222287,0.0014417620716153,0.0007401553154524,0.0149924987178015,0.0020702225007306,0.0055364597614012,0.0057743507680851,0.0035182875762535,0.0023887523224955,0.0015866327115449,0.0042171412250533,0.0012461577740264,0.0058874162204728,0.0019045552832794,0.0016812944052702,0.0008301937243764,0.0257235311671261,0.0012351113310143,0.0010712873726255,0.0019337050421078,0.0033599957334087,0.0017955960660343,0.0008380683405411,0.0054011361758072,0.0016214275812953,0.000757860704946,0.0015821810638379,0.0122860230331609,0.0039400072667798,0.0007773001358643,0.0025012794194526,0.005001916470798,0.0005956545826623,0.0013435581113118,0.0028460972664385,0.0027616656547734,0.001201069657459,0.0009453040429405,0.0020599150467919,0.0048025180136787,0.0066987970711246,0.0010519558503621
47,0.0074112300634477,0.0007161076222065,0.001524634019012,0.0081794352626751,0.0025659300845657,0.0035610102788105,0.0156835896505238,0.00388272331691,0.0048717257713073,0.008742020982965,0.0031023378281547,0.0007728267853033,0.0071416800940922,0.0027109566410609,0.0003744086246092,0.001709963364056,0.0015835769793043,0.001032962105214,0.0135037662612802,0.0050324349958398,0.0045846993744879,0.0030580064368937,0.0214677483733025,0.0029319464959833,0.0014888609035512,0.0006984874262896,0.0021318354307613,0.0019088791561125,0.00106685877714,0.0025538203219588,0.0120542744816878,0.0020182920481571,0.0008303746630676,0.0079094548605119,0.0099651214496759,0.0005779365732958,0.0132468993927417,0.0067808206586318,0.002439204765483,0.0014963732125803,0.0022316736677276,0.0020268317525258,0.0024719495994489,0.0089236203938422,0.0011214663319339
48,0.0044920818544768,0.0007785685621246,0.0117940458381292,0.0045280186995363,0.005836529746267,0.0022418928911792,0.012818315439492,0.002780296189126,0.0034894124347132,0.0075486239176537,0.002916502324558,0.0012759418937327,0.006547637223303,0.0019827408463789,0.0042374522099188,0.0014655387578818,0.0018328510184232,0.0014320701536227,0.0089583138103748,0.0130752336704079,0.006338362429339,0.002006342332738,0.0118172948451418,0.0025038972585579,0.0017205721543254,0.0016411948284864,0.0051352281133284,0.0073851869038117,0.0023411218357368,0.0027838494694766,0.0093403046007392,0.0056662245194734,0.0018619211168899,0.0057436117916112,0.0069084976008759,0.0005602185639294,0.0081140229306323,0.0044064050202657,0.0034416480823665,0.0012424773639789,0.0009472055087794,0.0032892462519211,0.0020151923380209,0.0111484437165598,0.0011909768135056
49,0.0015729336455059,0.0008410295020427,0.0220634576572463,0.0008766021363974,0.0091071294079683,0.000922775503548,0.0099530412284602,0.001677869061342,0.0021070990981191,0.0063552268523423,0.0027306668209614,0.0017790570021622,0.0059535943525139,0.0012545250516969,0.0081004957952284,0.0012211141517076,0.0020821250575421,0.0018311782020313,0.0044128613594694,0.0211180323449761,0.00809202548419,0.0009546782285824,0.0021668413169811,0.0020758480211325,0.0019522834050995,0.0025839022306831,0.0081386207958955,0.012861494651511,0.0036153848943336,0.0030138786169944,0.0066263347197906,0.0093141569907897,0.0028934675707122,0.0035777687227105,0.0038518737520759,0.0047889780260005,0.0029811464685229,0.0020319893818997,0.00444409139925,0.0045957482481946,0.0003896832832243,0.0045516607513165,0.0015584350765929,0.0133732670392774,0.0012714578004289
50,0.0025886930918689,0.0103104572050795,0.0021584889082616,0.0009706412265342,0.003630094797012,0.0010519483608959,0.0070877670174283,0.0014848904331274,0.0040763750883302,0.0010277643132785,0.0008565799452032,0.0013934618681945,0.0083660500487131,0.0045581081908139,0.0015091094699872,0.0009766895455334,0.0060450179602122,0.0013673061573329,0.0013693530054266,0.0130025398294643,0.0049180584861578,0.0012382064360013,0.0015545215301159,0.0016674839238154,0.0011129584913341,0.0016838044292332,0.0065629295509011,0.0071175952207542,0.0016739758427024,0.0062774936273604,0.0096069290693238,0.0061930443657394,0.0020626623824645,0.0039515364686781,0.0038806993560345,0.0026872033651696,0.0008172786822403,0.0033028118060722,0.0010268494305819,0.002893679399442,0.0005613712415166,0.0014192608962699,0.0027530123978289,0.0092182369226267,0.0014492844375939
51,0.0010764195336139,0.0006798920241898,0.0010184842299133,0.001064680316671,0.0011535767140377,0.0011811212182438,0.0042224928063965,0.0017484696951271,0.0043269380181439,0.0057705165963384,0.0043561063635547,0.0022213800691832,0.0022578443505058,0.0050010530536647,0.0010951893790164,0.0060753784334988,0.0015208559221629,0.0017220295668281,0.0008606594250344,0.0204850531958624,0.0017440914881256,0.0011648692477631,0.0024783867379413,0.0012591198264982,0.0017558760891179,0.0007837066277832,0.0049872383059067,0.0013736957899974,0.0004420447423498,0.0035558641359149,0.0125875234188569,0.0030719317406891,0.0012318571942168,0.0043253042146457,0.0039095249599932,0.0005854287043387,0.0012305233338177,0.0035854898683077,0.0020208857532091,0.0011916105506894,0.0007330591998089,0.0022297439116168,0.0039475897190649,0.0050632068059761,0.0016271110747589
52,0.0019190282375967,0.0008099859014167,0.0016170682232219,0.0014213026651008,0.0015981536068956,0.0012012824233709,0.0013572185953647,0.0012099778632772,0.0009914224978555,0.0045445368439534,0.0052044293457901,0.0014019967677241,0.0027296570806197,0.0043290094487096,0.0011035975247253,0.0060459244411992,0.0028904317194766,0.0005042112218395,0.0007178494599026,0.0205509993503281,0.0016488070212433,0.0005495646725955,0.0023423274515522,0.0008507557291811,0.0019080220076883,0.0009303086155049,0.0006414446965259,0.0009685665006966,0.0013203929516006,0.0033770382356421,0.0008901934870826,0.0007851359069517,0.0008067571771339,0.0057591976042799,0.0034665738694819,0.0005666292768538,0.0011337472011208,0.0045190601635632,0.0010595242269608,0.0010332502807781,0.0010515535365271,0.0006504506929866,0.0012112061954541,0.0009081766893255,0.0008665612765438
53,0.0015034898602339,0.0007789152704949,0.0013939701142705,0.0008757775670718,0.0011729991232343,0.0011747654760099,0.0013586861629721,0.0021534342708534,0.0058353622311925,0.0044132660514127,0.0006026968611943,0.0013916466939628,0.0031235231409518,0.0040000732460267,0.0010553953945011,0.0067000119374586,0.0018687026040729,0.0008671244212365,0.000876707957813,0.0172281116789759,0.0014807855034994,0.0016889746342734,0.0026732108520741,0.0012729117548797,0.0017879140304024,0.0008290726115538,0.0040292640947041,0.0022714834623893,0.0021987411608515,0.0031982123353692,0.0010192210078657,0.002093289387551,0.0012554086538998,0.0059156827292893,0.0030236227789706,0.0005478298493689,0.0012735767834726,0.0076241461609763,0.0019143518027367,0.0010657628934417,0.0006877095640199,0.0010788937313463,0.0028460602964666,0.0006897644852524,0.0015838343562155
54,0.0010879514828711,0.0007478446395731,0.0011708720053191,0.0010789821739239,0.0007478446395731,0.0011482485286488,0.0013601537305794,0.0030968906784297,0.0106793019645294,0.004281995258872,0.004652703737796,0.0013812966202016,0.0035173892012839,0.0036711370433438,0.0010071932642769,0.007354099433718,0.0008469734886691,0.0013425833569313,0.0010355664557235,0.0139052240076237,0.0013127639857554,0.0028283845959512,0.0030040942525961,0.0016950677805784,0.0016678060531165,0.0007278366076026,0.004652703737796,0.0029033128445487,0.0030770893701023,0.0030193864350964,0.0011482485286488,0.0034014428681503,0.0009166936022978,0.0060721678542987,0.0037235660923964,0.0005481739438854,0.0014134063658245,0.0107292321583894,0.0027691793785126,0.0011597626406795,0.004281995258872,0.0015073367697061,0.004480914397479,0.0004713522811793,0.0015272855875122
56,0.0012484901254315,0.0006571847937428,0.0009501187334884,0.0012027861174973,0.0011203515854721,0.0011377928528595,0.0013616212981868,0.0026940654728142,0.0050039257510157,0.0053071193440391,0.0041856352011266,0.0018714400130161,0.003911255261616,0.0046611184416373,0.0011417714199035,0.0057403250412278,0.0027968919627262,0.0018180422926262,0.0018437677267974,0.0087629254685946,0.001596519809463,0.0008174825856113,0.0034814967851234,0.002117223806277,0.0018001826513405,0.0007833116624267,0.0034562908039384,0.0024710750678238,0.000409175448046,0.0036054073314004,0.0129754006646794,0.0045918925758537,0.0012565905453912,0.0037731103924348,0.0051471779555872,0.0005220459455924,0.0012651637849667,0.0038475906082082,0.0044073888168436,0.0010123930941959,0.0009313084575144,0.0011679506420213,0.0035574525090899,0.0005357571918745,0.0014039645724199
57,0.0013431442187662,0.000732003603959,0.0013958830199309,0.0011638101709145,0.0013619556585655,0.0009325897327998,0.0013630888657941,0.0022912402671986,0.0041462919210636,0.0045352515177345,0.0042090789185309,0.001639653031666,0.0037876975794374,0.0048325653562493,0.0009268161935083,0.0065628625547302,0.002568039497239,0.0020004736642325,0.0021453800368528,0.0050103355454906,0.0013763876412093,0.0008990218247463,0.0042123289976055,0.0025393798319757,0.0017559997192498,0.0008429466686047,0.0041503808380462,0.0021291413486854,0.0005808593654212,0.0027945006417925,0.0139216824017917,0.0042659925225511,0.0009775434480304,0.0049728641798525,0.0042032545867419,0.000506219798583,0.0013577281651008,0.0040075710226024,0.0037649413567002,0.0010338492036338,0.0007838498553615,0.0012452019024149,0.0030362314997741,0.0004884070049884,0.0013271675364519
58,0.0013677185434003,0.0007502021975774,0.0019991895486445,0.0012171382740032,0.0010766698082606,0.0009140619182595,0.0013645564334015,0.0018884150615831,0.0050429196464469,0.0044342677111514,0.004123819290188,0.0014171408506325,0.0037166818696954,0.0048807346938491,0.0010127321763687,0.0041776196221803,0.0028040711053002,0.0021829050358388,0.0024469923469082,0.0012577456223866,0.0014214881600314,0.0009805610638812,0.0040819225915458,0.0029615358576743,0.0018067593000416,0.0009025816747827,0.004844470872154,0.001787207629547,0.0005993414682078,0.0019835939521846,0.013337563410186,0.0036217899873311,0.0006984963506695,0.0055340004783408,0.0032593312178966,0.0004903936515737,0.0012390852969619,0.004603437087692,0.0037020647856309,0.0010553053130717,0.0006363912532086,0.0012079410919781,0.0037283617769166,0.0004410568181023,0.001250370500484
59,0.0013922928680345,0.0007684007911958,0.0026024960773582,0.001270466377092,0.0007913839579557,0.0008955341037193,0.0013660240010088,0.0014855898559676,0.0059395473718302,0.0043332839045682,0.0040385596618452,0.0011946286695989,0.0036456661599533,0.0049289040314489,0.0010986481592292,0.0017923766896305,0.0030401027133613,0.0023653364074451,0.0027450010456179,0.0013944116155215,0.0014665886788534,0.0009166531951905,0.0039515161854861,0.003383691883373,0.0018575188808334,0.0008597157152868,0.00341507091787,0.0014127017787875,0.0006178235709944,0.0011726872625766,0.0127534444185802,0.002977587452111,0.0006896302940536,0.006095136776829,0.0028981251187844,0.0005135279502723,0.0011204424288229,0.0051993031527816,0.0036391882145617,0.0011051032017055,0.0007125799954564,0.0011706802815414,0.0044204920540591,0.0003628822044317,0.001066671105143
61,0.0009695751120029,0.0006790161150399,0.002913938426913,0.0010863608149136,0.0008879093518842,0.0010504718165281,0.0013674915686162,0.0010827646503521,0.0063683091249648,0.0040768183097685,0.0031474266934633,0.00166259038555,0.0031465414174242,0.003165575376747,0.0010684520965235,0.0021841139579334,0.004052831025129,0.0030917786528299,0.0023085364691238,0.001126822970495,0.0012244584882068,0.0011535244561282,0.0048557333849393,0.0038058479090716,0.0015767049920676,0.0007957787641183,0.002622641178897,0.0016217027326505,0.000636305673781,0.0010769139193749,0.0121155752240413,0.0041208919991613,0.0006807642374376,0.0040290274569672,0.0031145544411823,0.0005648049769652,0.0013467988300438,0.004061850811015,0.0045784290247916,0.0011086655014652,0.0006909735482957,0.001322206421918,0.0055235173302415,0.0005528415711728,0.0009285892139879
62,0.0010279634319849,0.0007117518165115,0.0030854578947326,0.0012003083367494,0.0008488634068254,0.0010141311869041,0.0013689591362236,0.0006799394447366,0.0059147162240159,0.0038391881311455,0.0037575555936024,0.0016715465890628,0.0024970310463588,0.0035740474417568,0.0010933700147933,0.0050029591243582,0.0032636328389445,0.0029068063738902,0.0020632379674628,0.001096180208906,0.0014238058289301,0.0010689480013683,0.0020222865417993,0.0042280039347703,0.0013544838804055,0.0008813168952334,0.002552955043764,0.0017772633698175,0.0007093609676717,0.0011439102710434,0.013967478985853,0.0037701487613011,0.0006718981808216,0.0032583425059493,0.0033011874296521,0.0005968608046932,0.0012095972918986,0.0039399887293757,0.0041094204481597,0.0011572766258376,0.0007623513563918,0.0022085568992524,0.0049508027158092,0.0005155896399789,0.0010193024229741
63,0.0006546365553555,0.0015594216511501,0.0013801171457548,0.0011943269685992,0.0009610366844677,0.0013027760009464,0.0013704267038309,0.000277114239121,0.0054611233230669,0.0015460842477484,0.0034971166396247,0.0016805027925755,0.0011022515025883,0.0011599334674458,0.0011182879330631,0.0007801332214034,0.0014356183336806,0.0027218340949504,0.0018179394658017,0.0010655374473171,0.0009925819484951,0.0009843715466083,0.0011548424413857,0.0046501599604689,0.0011963470391279,0.0009668550263484,0.002483268908631,0.0019328240069844,0.0016364520489895,0.0012818083391357,0.0008673923437013,0.001104103239132,0.0006630321242057,0.0008258422996407,0.0034878204181219,0.0006289166324212,0.0009247200972734,0.000515657288346,0.0010027710965732,0.0012058877502099,0.000833729164488,0.0010660727303511,0.0015894242237889,0.0004783377087849,0.0011100156319603
64,0.0008640290611359,0.0007219491989705,0.0033480983178035,0.0011883456004489,0.0008007508230988,0.0011319613154843,0.0008733129098991,0.0006826646676759,0.0056581867378599,0.0033931921676232,0.0032366776856471,0.0011330622982144,0.0031761521101089,0.0044513182877627,0.000895975309646,0.0031813143656597,0.0028256555193307,0.0019159248004584,0.0019959063042409,0.0017760495607712,0.0013906537029465,0.0011060542722802,0.0022841329438809,0.0012191647112798,0.0012754956655694,0.0007694434633182,0.0022298892129065,0.0021873940805431,0.000974812760442,0.0013476590347523,0.0127718733341267,0.0022468399046131,0.0006541660675897,0.0027924451650838,0.0040171245737418,0.000526448798646,0.0008384896614035,0.0037848331568665,0.0041533952227967,0.0010106207923672,0.0007534603501493,0.0027154975917625,0.0040189228042261,0.0007178040410065,0.0010165497990634
65,0.0011225076743885,0.0008136838157977,0.0036392245102107,0.001153205394856,0.0009559964181883,0.0010701069902729,0.0021663006671912,0.0010882150962307,0.0075779847546336,0.0034659240932373,0.0030047865619707,0.0013133019751754,0.0032164905356449,0.0044505516911399,0.0009203606042496,0.0024448894770016,0.0033357687717808,0.0028894603633159,0.0019753929246343,0.0015337796857264,0.0014982220863293,0.0010142292527351,0.0032197137804502,0.0012119995896695,0.0025958883676929,0.0008272037132961,0.0028445888186949,0.0018405798026643,0.0009165340164424,0.0013967376400626,0.0125637045670097,0.002852467670751,0.0006453000109738,0.0034203170877395,0.0045799450098159,0.000564405550682,0.0007805569832799,0.0039444064538226,0.0050470286108828,0.0012732181028203,0.0009359635557957,0.0024297333466995,0.0044192687830633,0.0009572703732281,0.0010143853267059
66,0.0013809862876411,0.0009054184326249,0.0039303507026179,0.001118065189263,0.0011112420132779,0.0010082526650614,0.0034592884244834,0.0014937655247855,0.0094977827714073,0.0035386560188513,0.0027728954382943,0.0014935416521365,0.0032568289611809,0.0044497850945171,0.0009447458988532,0.0017084645883434,0.003845882024231,0.0038629959261734,0.0019548795450277,0.0012915098106816,0.0016057904697121,0.0009224042331899,0.0041552946170195,0.0012048344680592,0.0039162810698164,0.000884963963274,0.0034592884244834,0.0014937655247855,0.0008582552724429,0.001445816245373,0.0123555357998927,0.003458095436889,0.0006364339543578,0.0040481890103952,0.0051427654458899,0.0006023623027181,0.0007226243051563,0.0041039797507787,0.005940661998969,0.0012042799190623,0.0008116124093546,0.0021439691016364,0.0048196147619005,0.0003451943788058,0.0012048344680592
67,0.0012443158526743,0.0041779130424815,0.0011983216110645,0.004519959166209,0.0007981620399388,0.0014841518756931,0.0089070681596748,0.0017101583133098,0.0007554391250159,0.002552650125277,0.0006941201501318,0.0033621172604101,0.0096523664590379,0.0009503670302377,0.0013166118790752,0.003316522197722,0.0038224715192406,0.0021085086298081,0.0018819725268844,0.0017157755829336,0.0016103105929294,0.0121987744274984,0.0021254953665741,0.0058342883051269,0.0017544383706068,0.0024369597780742,0.0036681806847031,0.0030274098019144,0.0015825569555306,0.0049943697502812,0.0127948042908212,0.0029144573180472,0.0022149776899141,0.0005345706901662,0.0023240827360935,0.0070742557675257,0.0007813835320056,0.0015778207145562,0.0085731690262418,0.001232037512655,0.0008273032680551,0.0018262338766081,0.0017398243576632,0.0008673877943472,0.0017121843010643
68,0.001547118385091,0.0036438088581119,0.0038938692210011,0.0012257653668814,0.0008105384160082,0.0026348201406084,0.0060902735020987,0.0093245655698047,0.0061830530490074,0.0022240123059372,0.0037936155621774,0.0012506560135769,0.007409954064052,0.0040826275165282,0.0016884778592973,0.0027500794416106,0.0036463004703586,0.0027361552813767,0.0018090655087411,0.0048206798028655,0.004306813686598,0.0013681793749598,0.0025575076765698,0.001645848130191,0.0031606363235329,0.0008830976658919,0.0038770729449229,0.001160141125681,0.0133058523211501,0.0035499428220305,0.0133364242507059,0.0032720678961415,0.0007052602181525,0.0041088092684086,0.0034199706557141,0.0006042473707968,0.0016342177572786,0.0012351800364028,0.0065752058543568,0.0012597951062478,0.0008429941267555,0.0015084986515798,0.0046634277055046,0.0025051847533177,0.0013459449154621
69,0.0018499209175077,0.0031097046737423,0.0009357654157788,0.0068264199120586,0.0008229147920775,0.0037854884055237,0.0032734788445226,0.0169389728262996,0.0047993782656405,0.0018953744865974,0.006893110974223,0.0053312998997139,0.0051675416690662,0.0072148880028186,0.0087357916722155,0.0021836366854992,0.0034701294214766,0.0080820160387166,0.0028272961137139,0.0012099196760487,0.0070033167802666,0.0016914977259701,0.0029895199865656,0.0008516426121847,0.0045668342764591,0.0049592969846822,0.0023791733962413,0.0029041848351924,0.0250291476867696,0.0021055158937798,0.0138780442105907,0.0036296784742357,0.000938556208465,0.007683047846651,0.0031068602395388,0.0101787105642304,0.0024870519825516,0.0008925393582493,0.0057379084941942,0.0015932455258172,0.0037720356687629,0.0012325071496238,0.005392844300555,0.0041429817122881,0.0012340061119529
70,0.001987292966156,0.0034607855577027,0.000773985369095,0.009361216552892,0.0007868153242848,0.0033342632163648,0.0030765764108321,0.0198110691287136,0.0047748430648222,0.0020215934174013,0.0053301266401465,0.0049152807941454,0.006434023533563,0.0091373798478343,0.0090404314354517,0.0034007638566075,0.0037135853362192,0.0088324485096816,0.0016465347501249,0.0012192288740759,0.0069787562284009,0.0017236003915666,0.0025827631709922,0.0007123096391388,0.0063786133825051,0.0047375359620859,0.0031325922888898,0.003023140720827,0.0250478259989989,0.0007689997166501,0.0129295003922219,0.0037169793393492,0.0011718521987776,0.0086673084502836,0.0030946837740773,0.0111704861978885,0.0028359961097934,0.0008297125822763,0.0054473786161539,0.0012966350254164,0.0034059806726708,0.0013181860730645,0.005414553713968,0.0035518730843893,0.0013469487582662
71,0.0013413930978792,0.0006815030030238,0.0036507999114358,0.0013617980126143,0.0007507158564921,0.0011621580192332,0.0028796739771417,0.0226831654311276,0.004750307864004,0.0025030370441614,0.00366318361925,0.004499261688577,0.0021057692752308,0.004530258693183,0.009345071198688,0.0046178910277159,0.006293085363525,0.0095828809806465,0.000465773386536,0.0012285380721031,0.0014248604184183,0.0017557030571632,0.0042859387375268,0.0005729766660929,0.0016157096940718,0.0045157749394895,0.0038860111815383,0.0031420966064615,0.0010952314657049,0.0013951657621099,0.0119809565738531,0.0038042802044627,0.0014051481890901,0.0029845143472467,0.0030825073086157,0.0121622618315466,0.0006897807393327,0.0053211844084538,0.0039643215912703,0.0010000245250157,0.0030399256765786,0.0014038649965052,0.0054362631273811,0.0029607644564904,0.0014598914045795
72,0.002655356254457,0.0020617196024916,0.0007690293638509,0.0075852319510929,0.0006377951047191,0.0039919642257923,0.0040279119115353,0.0230757589019501,0.0047257726631857,0.0017262820422633,0.0042440786407384,0.0053626878359794,0.0057313655832228,0.0072244142763155,0.009493609060233,0.0036485034479813,0.0053714633990765,0.0003937188257984,0.0012353790355622,0.0015179687567209,0.005771885284813,0.0113503567992841,0.0024380487469745,0.0044894571192099,0.0057546673407358,0.0026912208030781,0.0005942755771007,0.002154872652032,0.0221191115304031,0.0006758066761524,0.0110672724736268,0.0042407677353885,0.0014882035285627,0.0098118504151073,0.0040057141566491,0.0007644459150157,0.0026458696906676,0.0009297517257875,0.0040894716032951,0.0027864542938375,0.0099484585401444,0.0014895439199459,0.0046899755242135,,0.0009360154913247
73,0.0018673242600951,0.0014313443846845,0.0036588766149958,0.0011864406671143,0.0006889945158904,0.002592763247874,,,0.0047012374623674,0.0023177161154344,0.0036622682627038,0.0018055709401053,0.0039602420685317,0.0058338249421393,0.0009519129221636,0.0039957237462997,0.005716946176358,0.0035862841735798,0.0020049846845884,0.0013287583796718,0.0036419759324178,0.0011607552056108,0.0032138734175551,0.0021414240761722,0.0035741327097756,0.0008666666666666,0.0028137711420346,0.0011676486976024,0.0118480620297162,0.0013474271346365,0.0101535883734005,0.0046772552663143,0.0015712588680353,0.0063162487505546,0.0049289210046825,0.0006351105294477,0.0006833019359565,0.0045810727003817,0.0043657251238104,0.0010330321636195,0.0007217401165554,0.0015752228433866,0.003943687921046,,0.0010891868554514
74,0.0010792922657333,0.0008009691668775,0.0042363334392376,0.0011103608578151,0.0007401939270618,0.0011935622699558,,,0.0040781635876354,0.0029091501886055,0.0030804578846692,0.0014870743097347,0.0021891185538406,0.004443235607963,0.0008550151392148,0.004342944044618,0.0060624289536395,0.0031563330419341,0.0018872244822751,0.0010947823891681,0.0015120665800226,0.0011021426669427,0.0039896980881356,0.0011969399714804,0.0013935980788155,0.0008852930336955,0.00352760764841,0.0011344738270218,0.0015770125290292,0.0012193365211382,0.0090839517431406,0.0036543296336969,0.0015274474458385,0.0028206470860019,0.0041253945029456,0.0007141206761588,0.0007130783633496,0.0034921639403693,0.004222723310479,0.0013855782765668,0.0006392851411721,0.0014918512979153,0.0028497758597438,,0.0008880679414688
76,0.001335664408556,0.0006496679147478,0.0045421057236968,0.0011455916605484,0.0006417235667618,0.0012265522327837,,,0.0036081351089125,0.0032386230101265,0.0034155858781117,0.0015964652513291,0.0017440932059701,0.0038246361620619,0.0010284458667819,0.0054222181224189,0.0065290717126914,0.0020111760535194,0.0024260681611795,0.00145436709997,0.0013152561477435,0.0011298304370642,0.0036767748454979,0.0004973252671447,0.0016760373427656,0.0007951837002335,0.0025475031210773,0.0012084872592196,0.0013581623387031,0.001282813747631,0.008934927963738,0.004733751537043,0.0014836360236417,0.0035974673551262,0.0041461939850184,0.0005813038676182,0.0007276438239039,0.0037900398412466,0.0037021501815008,0.001025360437865,0.0006306473256763,0.0016370113174569,0.0035984388866503,,0.0009091300041754
77,0.0013731148693552,0.0007343632416396,0.0047959152287881,0.001227081912793,0.0006057593948462,0.0011678935348061,,,0.0035781238921387,0.0025343179569664,0.0031275768492222,0.0016683388979474,0.0016918250469873,0.0048425018002045,0.0009898954316448,0.007664299249576,0.0072351938424978,0.0024850971914562,0.0028168605745143,0.0014267862153915,0.0013512302048401,0.0010873900032178,0.0040634001174634,,0.0014949170099522,0.0008122895673631,0.0027958090951981,0.0013658582301397,0.0015246008372315,0.0012241415320618,0.0089046414527651,0.0050742315746738,,0.0028516080797671,0.0032564831415653,0.0006027224036425,0.0006886414829273,0.0039211869004234,0.0033325814562821,0.0010296589180184,0.0006742088967376,0.0015505427699422,0.002837811699157,,0.0009234840941335
78,0.001431001879122,0.0006759015996161,0.0050497247338795,0.0013085721650375,0.0005530819133428,0.0011207648102361,,,0.0035481126753649,0.0023087298390563,0.0032836952420579,0.0017402125445658,0.0017291873710611,0.0042598187892244,0.0009513449965077,0.007761783105168,0.0076345212885415,0.002959018329393,0.003207652987849,0.001399205330813,0.0013872042619368,0.0010449495693713,0.0044500253894289,,0.0013137966771387,0.0008293954344928,0.0030441150693189,0.0015232292010598,0.00169103933576,0.0011654693164926,0.0088743549417921,0.0054147116123046,,0.0021057488044079,0.0023667722981121,0.0006241409396669,0.0006496391419508,0.0040523339596002,0.0029630127310635,0.0010339573981719,0.000717770467799,0.0014640742224274,0.0020771845116636,,0.0009378381840917
79,0.0014888888888888,0.0006174399575927,0.0042754974077601,0.0011992607163677,0.0005004044318394,0.0010736360856661,,,0.0030372938273362,0.0020831417211461,0.0034398136348935,0.0013959958913995,0.0017665496951349,0.0036771357782444,0.0009015769583033,0.00785926696076,0.0080338487345851,0.0027188015674675,0.0027476842631295,0.001609771894569,0.0014136298250591,0.0009321906887349,0.0046931976751113,,0.0015503347943858,0.000766668077839,0.0024562126033754,0.0020717208691764,0.0013059527779471,0.0010213386882172,0.0084044439372043,0.0025896015895123,,0.0046325751785918,0.0023453346602328,0.0006405086247753,0.0006344911681474,0.003175325454592,0.0034658274676133,0.0011921488083367,0.000604981889332,0.0014680791268268,0.0024313074848086,,0.0007609803396795
81,0.0015308629094353,0.0006299651897929,0.0043425658708462,0.0011305458855846,0.0007165808389403,0.0011163276344278,,,0.0026408857941565,0.00199652430872,0.0033388213571674,0.0017216319048706,0.0020343275073365,0.0041147154008813,0.0010327803840966,0.0088026944177533,0.0079281871938768,0.0029000016788095,0.0029388401809549,0.0013452204221359,0.0016739169638897,0.0010978930296616,0.0048772576594253,,0.0012649662308047,0.0008109653906701,0.0022985242238434,0.0018521960620033,0.0012898028564828,0.001275327019536,0.0082310419017618,0.0026598903014727,,0.0044972612269488,0.0034935347157465,0.0006568763098837,0.000637984117496,0.0042024840077557,0.00314149694993,0.001118679777436,0.0006793079788605,0.0016339717502524,0.0025980762113533,,0.0008352907414251
82,0.0012118231573458,0.0006805731151984,0.0044293106200165,0.0011186283082617,0.0005775891427186,0.0009025327886373,,,0.0022630303590242,0.0019952069470908,0.0034479945066908,0.001714069162023,0.0021061303065131,0.0033620399632778,0.0010185403308562,0.0076321877319146,0.0085109395153085,0.0026313365452839,0.0029609501984155,0.001260492525633,0.0015802256468535,0.0009442332237883,0.0041743081674181,,0.0014897758758949,0.0008049205871236,0.0027234787993609,0.0021472629777474,0.0012274657684466,0.0011495240136491,0.0084384894247808,0.0038841448388014,,0.0046810747370992,0.0038718726973018,0.0006099819655526,0.0008402714053341,0.0043507906059913,0.0033840906883346,0.0011502679937304,0.0006878977598028,0.0017106644947479,0.0024536023093859,,0.0008308867279656
83,0.0013280592763756,0.0007174275986909,0.0045160553691868,0.0011067107309388,0.000568366554625,0.00092716877418,,,0.0018851749238919,0.0019938895854616,0.0035571676562143,0.0017065064191753,0.0021779331056896,0.0026093645256744,0.0010043002776157,0.0064616810460759,0.0090936918367403,0.0023626714117582,0.002983060215876,0.0011757646291301,0.0014865343298173,0.000790573417915,0.003471358675411,,0.0017145855209851,0.0007988757835771,0.0031484333748785,0.0024423298934914,0.0011651286804104,0.0010237210077622,0.0086459369477997,0.0051083993761301,,0.0048648882472496,0.004250210678857,0.0005630876212215,0.0010425586931721,0.0044990972042269,0.0036266844267392,0.0011818562100248,0.0006964875407451,0.0017873572392434,0.0023091284074185,,0.0008264827145061
84,0.0014442953954053,0.0007542820821833,0.0034473410759347,0.0012569131161915,0.0005591439665315,0.0009518047597228,,,0.0020151861722039,0.0023452097594353,0.0035190113784128,0.0016762029070844,0.0027411098673068,0.0034086789071269,0.0010880722561337,0.005577125066674,0.0077069224153699,0.0020970084512095,0.003113621919338,0.0013186811877198,0.0014438297190815,0.0010422541659375,0.0030683511013266,,0.0015866686500537,0.0008497688576909,0.0033659872507218,0.0023349363397838,0.0012531380363996,0.0011779789142313,0.0081116204040831,0.0036103896343447,,0.0048132572180045,0.0038250288468209,0.0004394310446168,0.0011151122403785,0.0042197524982814,0.0030192476992916,0.0010116759553676,0.0005631497653625,0.0014570819380853,0.0024713266420351,,0.0009359823099204
86,0.0010225616179352,0.0008618854442368,0.004585452728621,0.0014071155014441,0.0005819746243877,0.0011270290344283,,,0.0020389174114039,0.0025513014797366,0.0038722260131478,0.0015970034609231,0.0022865479436647,0.0029940486855837,0.0009470883575339,0.0069360884144613,0.0075189327104138,0.0046763643419484,0.0029882816400891,0.0014787417675814,0.0016077448879406,0.0010104745536278,0.0034116217408646,,0.0018835866685152,0.0007867588408681,0.0030704955687925,0.0020301550826823,0.0015505766507727,0.0011846529405616,0.0086333907816401,0.0030754098513444,,0.0051443006817087,0.003534080306066,0.0005883688338239,0.0018807912671066,0.0036978881397044,0.0033682992432791,0.0012471631607421,0.0006793664245006,0.0014630592577564,0.0035633416211152,,0.0009173803718124
88,0.0008794330239076,0.0007623233186157,0.0044278060901706,0.0014969491206042,0.0006236770809207,0.0011731912885014,,,0.0024058041394558,0.0014917672842536,0.0037934032483042,0.0011251750125102,0.0017232963240237,0.002397591383961,0.0010198516416535,0.0052945672189076,0.0082789432876898,0.0038399773536419,0.003567891577305,0.0014190025378232,0.0014991131344476,0.0012660754697485,0.002806152076008,,0.0014824402099948,0.0008868918725707,0.0023607679489187,0.0031478092993331,0.0011578531180685,0.0013599405950856,0.0076936060826769,0.0037417918607418,,0.005389960855759,0.0043557299409258,0.00068924673256,0.0016257807277377,0.0039618835177732,0.0040653382772706,0.0012309040885157,0.0006766961811027,0.0014379312203767,0.0041404266345449,,0.0009151128383152
89,0.0009899494936611,0.0008002664030118,0.0051856897481971,0.0015661381534969,0.000561032882046,0.0011738237252084,,,0.0025028387244631,0.0011367398517029,0.0036247964093016,0.0018339079559248,0.0020437549709806,0.0029392831995557,0.0009401311179762,0.0055496891791292,0.0073742588488912,0.0036823011497259,0.0031897006407558,0.0012290766162105,0.0014891096436677,0.0010527132222049,0.0048219975782225,,0.0013875798709347,0.0008253040412862,0.0023478460239932,0.0023935343654817,,0.0012197175260581,0.0066820715591263,0.0050530873608864,,0.0057893253880217,0.0038003475935567,0.0006277792120101,0.0021560248699836,0.0041096401230104,0.0055435441821841,0.0010769169979129,0.0007474852354496,0.0012441464676236,0.004728796198454,,0.0008588380171639
91,0.0008775787092713,0.0007553938177002,0.0043322050601889,0.0015679393275697,0.0004785989574009,0.0012196746052649,,,0.0015073653559955,0.0013760175191173,0.0033282774677648,0.0015250467015342,0.0019967642058001,0.0037421353744211,0.0009407748414898,0.0056854002925626,0.0066851633213826,0.0041698502652454,0.0032226203322367,0.0021436253121925,0.0012700702290053,0.0011146050859419,0.0042346108279945,,0.0015343943546464,0.0008619795608879,0.0020294720734987,0.0030987781313649,,0.0011334073137737,0.0065722097546366,0.0065348686128526,,0.0032614010174672,0.0038553028977765,0.0005704069500345,0.0018799313351161,0.0029362632012248,0.0041561792759487,0.0011587626692704,0.0006499424783972,0.0011708193290318,0.0041305009350784,,0.0009149518250188
93,0.0007951096724175,0.0008117126714939,0.0051536371535906,0.0013924755856205,0.0005251958021829,0.0011361373944917,,,0.0019678745039486,0.0012228117060563,0.0044694169945983,0.001381875458406,0.0015453756136983,0.0029094152986995,0.001077257447975,0.0053521167582158,0.007648775302356,0.0027055787725591,0.0033877644570447,0.0011857089327799,0.0014424049807575,0.0011248827099351,0.0058702854879457,0.0007862067462678,0.0017419199035971,0.0008686844862554,0.0026454450942772,0.0023527134343565,,0.0012874081532623,0.0062698388932121,0.005245424225803,,0.0031918303059145,0.0010175720517255,0.0005589242465344,0.0015613839223862,0.0035386613976197,0.0045418362914942,0.0011819240434327,0.0005581706824313,0.0013023809627942,0.0029876309245422,,0.0008336777025099
94,0.0008972549238596,0.000649038968228,0.003327860975861,0.0015833768592729,0.0005928629945841,0.0011578409558364,,,0.0018334915402232,0.0011836589372081,0.003962599248876,0.0017683860506908,0.0015099464466016,0.0026416207991808,0.0012383232390795,0.005353768192662,0.0091136280449813,0.0016557559535685,0.0032324675588453,0.0015282401040143,0.0012460727010256,0.0009668339735908,0.0043800203553468,0.0010897082831122,0.0016687252581961,0.0009053279355493,0.0022750709406104,0.0028624265721948,,0.0013230153553037,0.0065547536861483,0.005480723411551,,0.0039042408221411,0.0008322079436759,0.0006685416939802,0.0017503824143572,0.0039184940575446,0.0041315613734659,0.0011339237772134,0.000676694871794,0.0015915459467093,0.0036291710783661,,0.0008987060646102
96,0.0008862299412522,0.0007459087108581,0.004668828594309,0.0009897372290385,0.0005228129047119,0.0013148567439102,,,0.0024159477795664,0.0010875077388522,0.0037773083858715,0.0014273636847725,0.0013964776646132,0.0030503465700688,0.0011809143245702,0.0054497437809938,0.0101773898089286,0.0015695521577518,0.0026195954536675,0.0016498738466094,0.0014188591248935,0.0010215032230435,0.0048908830259754,0.0014527821455352,0.0017033937852407,0.0008358586935876,0.0027320403188455,0.0025435715642617,,0.0013871311370335,0.0067794903207641,0.0060451220004231,0.0006253948838592,0.0029502308026013,0.0010196169235973,0.0005463783175355,0.0016566016763012,0.0031983981969091,0.0039601774603783,0.001292369148083,0.000718149743282,0.0011410494411551,0.0024661091328471,,0.0007672232914526
