,20,20,20,20,10,10,10,10,5,5,5,2.5,2.5,2.5,2.5,1.25,1.25,1.25,0.625,0.625,0.625,0.625,0.313,0.313,0.313,0.156,0.156,0.156,0.156
0,1.1437449611245252,1.1989113103060958,2.7141655474836917,1.1085200000735966,1.2833624924263165,2.069803011651653,1.65388467162685,1.7592860822009238,1.1629518321952375,1.2358791446876887,3.32539398236459,1.057885699501184,1.6693088398980775,1.160309454567671,1.7352610134237008,1.7734845182232277,1.649796639661965,2.265400532758037,1.1967785031637852,1.7971989600999596,1.438852145112727,2.3680379383830155,1.305755715257477,4.2512469586514445,2.104752120402223,0.9536134075575103,1.6967927934388622,11.521552492148771,1.3999741789312672
3,1.48748406927068,1.5472289185667933,2.4939915626087883,3.277971923746177,1.377015559358439,2.190056716887888,1.6723105385976083,1.7370029545130032,1.2078632651964898,1.3773970457572944,3.269197735170356,1.143087188778129,2.564308204172829,1.1520140970881592,1.8168686655485993,1.6655094007332703,2.1098839874186144,2.255926791600788,1.3005467226346836,1.8866675489460099,1.3548149243357823,2.3437669039262223,1.0478395902241175,1.9911745299911803,1.892953964857369,0.963258789123679,1.4754569946990048,5.184428115924688,1.6462499472707326
14,1.8312231774168348,1.8955465268274907,2.273817577733885,5.447423847418757,1.4706686262905615,2.310310422124123,1.6907364055683667,1.714719826825083,1.2527746981977423,1.5189149468269,3.2130014879761215,1.2282886780550744,3.45930756844758,1.143718739608647,1.8984763176734978,1.557534283243313,2.5699713351752633,2.246453050443539,1.404314942105582,1.97613613779206,1.2707777035588377,2.3194958694694296,1.260583481785386,2.51798402123652,2.0307088584799406,1.4115081830235512,1.7236701577695739,6.378318657130899,0.9995375643094927
16,2.2021056755734256,2.0396051552173495,1.9454391360467174,6.3913063438301965,1.1508384872536594,2.3363695624454115,2.21150311326767,2.325981568876225,1.0399972924680831,1.4017755061492776,3.3549850936609436,1.536623842243397,1.6464923355286585,1.1385773787883653,1.5872708637759891,2.50385927386467,1.9911777249643905,2.7238416285325613,1.3994825143055851,1.9223842166966922,1.3251303028890038,2.939201270683762,1.2236806634891242,2.416072198967582,1.8444811519434956,1.0523153717466152,1.6884611043494315,6.469895674885194,1.2110473197881435
19,2.0092348413979195,1.6827835759182699,2.297823355977101,2.9931818060291064,1.139096680481911,2.273886739345019,2.0331237376276867,2.005939620106482,1.2165452701672048,1.8083320670896883,2.8337748206163647,1.1393644756840124,2.9922604376351036,1.1133766446078515,2.070449362669921,2.2234458815767537,2.5548533527237023,2.2434837146906577,1.4382668825096245,2.2171105136492315,1.4922899261686022,2.854180037296212,1.3946994133421238,2.3765082518368232,2.011492207516823,1.0224117591544573,1.8073640876223356,6.208056390317546,1.271354416484201
22,2.071150631632454,1.6075400805777704,2.1645452778310985,3.3266238893261137,1.2208307087390218,2.1535341382543933,1.841598404833335,2.2419265661208803,0.9955934112312427,1.4548233797950838,2.895403976150938,1.0979068919443922,1.645650324321555,1.0638641083551403,2.013567457514338,2.565845940884629,2.1590181903276973,1.8824451374704116,1.396387217169354,1.9442251452764194,1.5430146519505061,4.0486603427153565,1.4932549180870747,2.933687698070669,2.2255880652144153,1.03709728389178,1.7242639310751764,5.946217105749899,1.437050943672661
24,2.2378561169118982,1.5549701978233974,2.001183059529372,3.6741832367158835,1.1792133564501557,2.4428443635391273,2.1131379776711356,1.8614254942446793,1.2279759128952286,1.145987640087308,2.809923778644368,1.2688045022243832,1.4404281985017076,1.365846971633994,2.0333813806156003,2.6071344276612396,2.1805437685954767,1.924860255918084,1.3548501937923054,2.281704919950274,1.3379856050989691,3.380007260071895,1.4218615055078574,2.67459355869735,1.850768566825664,1.0782035202364293,2.1795104022604184,4.507308001275566,1.7791494898275775
27,1.839701616100518,2.3398061628047775,2.5149248081981037,3.2096243058438376,1.3196558750730873,2.6764951581893937,2.1435445190205007,2.1852487328341184,1.0963704524539526,1.238616071370273,2.856110435342735,1.1865887209951023,1.9381981048344168,1.2597990589818195,2.27455437075333,2.2957909172251902,2.3011579623760823,1.7261420017037017,1.3836699183924548,2.0068328865151637,1.1104498423057814,4.204840307542631,1.1770396656142152,2.9498493611025176,2.10954635816464,1.0967888010206275,1.9376060726176405,4.810325539785298,1.5008292989127334
29,2.1018957082376937,2.41258354481883,1.989807754100521,3.6638219865730077,1.3432487828562356,2.8484528097612634,1.653650312531891,2.2915759633357573,1.3367430521897765,1.4630236446016642,3.445459597055657,1.2376819945904651,1.9076157709577224,1.376985961043995,2.3415812475022406,2.2370513588972396,2.222737811862139,2.1612278065162536,1.532413864959831,2.1588885343651727,1.275074025897319,3.675831357948943,1.3536447557422482,3.851557185557964,2.2484562605386733,0.8778876822652676,2.304510104807785,5.113343078295029,1.3556957471734246
32,1.8644137771413207,1.9979094034640819,2.6398846782391976,3.1886997927073417,1.3616793231263127,2.613829537542608,2.038310693965231,2.0255411379205435,1.4837144100884865,2.0182346272762155,2.9669306566691938,1.3411287528836533,1.8752838445731073,1.5134116307466212,2.450995773494957,2.3448671177034766,1.9951579688871182,1.9926232166925626,1.3906051546636315,2.1358608120499576,1.4392234660088974,3.800415145678575,1.9607953258459065,2.782053166246077,1.9692750609281482,1.4027878573315307,2.203336760347636,5.2983602636453435,1.4462174459829507
34,2.1390530649522534,2.3804366980114042,2.4697233663122775,2.758316494753221,1.5219537531700602,2.539254807815311,2.1480435464344643,2.456301977632395,1.3186392697813625,1.3453070677878114,3.7872418979411506,1.2022614990988112,1.7995708096472756,1.5690732356386778,2.419488197008663,2.223534946983179,2.3467098636538926,1.664339275876534,1.3366966712263406,2.1618523617034575,1.6610546696885582,3.0554719607110634,2.2181214118729113,1.897768656920611,2.3162929184619534,1.066079675817084,1.9351375748224797,6.272562684082635,1.6911824596448608
37,2.413692352763186,2.253191094768965,2.4400700206736476,2.7483674412431163,1.2890591352906176,2.4646800780880147,2.3301235467993933,2.3105035293970313,1.2133422399191391,1.684626972516373,4.125814107823313,1.1811527274663585,2.1468952131663506,1.6247348405307345,2.729081414645252,2.576187679061151,2.578483442749976,1.8210699664419532,1.5758498951147057,1.894010305970807,1.3148765358063104,3.132477051946929,2.0067238305460413,1.7418623674223672,2.4039102953832314,1.0957264432129783,2.250162348277853,6.185599915439498,2.145607296996924
40,1.9905632500159052,2.3767440676411273,2.3200831024995447,2.957296268157117,1.432633713959175,2.7258712818973745,2.5270809459565955,2.243470145841388,1.4008175800697102,1.590408369678677,4.534035757008283,1.1826019126072025,2.1907116486170746,1.6770940929630171,2.779882611977972,2.676966141561288,2.637614171057754,2.1846987989058197,1.5011550600986112,2.0109403965654513,1.3692742500430606,2.917356390614482,1.77162749580814,2.256639655596628,2.074160504718374,1.0257161737105822,2.709348659585971,5.367032944350719,1.798844335589773
42,1.9380600776384018,2.228492669376498,2.369504443517058,3.9933534190030446,1.4964926015670446,3.352392460805806,2.740135879921686,2.3364729882964888,1.3205511492748978,1.515124159155286,4.774563813972562,1.3995829014876702,2.180659043824759,1.8674749493814273,3.8271569986526774,2.643124534700564,2.7593882285628353,2.030279726699096,1.354329260733472,2.17854139688931,2.297211096668801,2.8809504987759706,1.48033470710864,2.5978307430700833,2.7164888043391886,1.2338978098590818,2.054675191081323,5.896408186308086,1.7991390742382045
45,2.2943961125156136,2.0871869825641203,2.2266186540650894,3.6805977568586603,1.5048981061384705,2.7597161689806673,3.0170326989824403,2.028704777581359,1.2402847184800851,1.5816401338732118,4.0441274802338745,1.3556749235469212,1.8847218787189175,1.5770266128366792,3.268151430322346,2.417714682908205,2.382810526496655,2.9085840476995664,1.347937116009234,1.9220514275484006,1.371660833763033,2.947232528570623,1.725396577307022,2.0525142984220395,2.433095628597352,1.1186090242631075,2.2858799916831756,5.055024682077118,2.1581551850636
48,1.8305505983058072,2.573391820469406,2.3440434240475145,3.171610228292141,1.5393863722300118,2.86153776671601,5.877201627033338,2.286855264664135,1.1178135096041384,1.2718574146715842,4.168731592514707,1.136053008603104,2.0814994208584836,1.634142752396885,3.383182388953199,2.4709336450966917,2.3394917890400717,3.176680873154088,1.3548354253317851,1.985147476205006,1.42475531291316,2.1868707613181155,2.073406396369762,2.164638144189828,2.016963273108964,1.0403056836780993,2.0246060555982974,5.0208502929900325,4.419693103262343
50,1.855476100272372,2.365060951018901,2.4963494473691545,4.186674792040511,1.5738746383215532,3.278729694632172,4.790198812367255,2.6467093573974476,1.3253571357527434,1.6309574531528455,3.980871783096346,1.344895873029899,2.385135485303736,1.597805763298478,3.3497499831626523,2.2793911574598686,2.4247063560856206,2.9045053539891006,1.4294575834160321,2.229322604661318,1.2036965198384628,2.5554378405818494,2.132095361523642,1.8939021686535558,2.3577368673081884,1.1026846950856861,2.142023538662133,6.520292280542332,4.246341967547548
53,1.7900766032415591,2.10369819461805,2.3922902359707665,3.737514164297643,1.2917026346650482,2.80133547405245,5.512562848918327,2.3268244027520075,1.3166296037661898,1.9657706340497976,4.449924976686309,1.3132768851473684,2.0829267208832967,1.929292983969344,3.6578577803473284,2.2825204043728218,2.157416150037921,3.1382492686406467,1.616540292595913,1.9855737472050903,2.7394759298488696,2.3620197551975854,3.3767520704746072,3.640884517284391,2.3086072682857055,0.98091762710841,2.2451046678983393,4.873248215333347,5.230776439680603
55,1.9241046807952717,2.481470162018866,2.128176737319145,4.497472259923175,1.6492376357880776,2.842584279863634,3.7402873529184433,2.2984515438045525,1.2831109337032156,1.7598072659794926,3.797379936355591,1.3770998909262324,2.0818684991070726,1.82677652364745,4.0150996278983015,2.153631436525116,2.576915728687096,3.3719931832921923,1.324699156799399,1.9601923693220755,1.5093469993309139,2.093405231114808,1.0917414512503723,2.822733327800951,2.2225448622173363,1.1707173141856062,2.1337462143267483,6.867192226140079,5.642614852499587
58,1.8121320752844456,2.1920874381231865,2.6778658976441974,3.351511266070815,1.6761125022633567,2.7853317865542264,5.042152035650114,2.7865144981489673,1.1931309099211433,1.6693024931903497,3.6533399216498053,1.3865946042919126,1.9191395559905913,1.7242600633255558,3.876290475942338,2.803934173058784,2.1412777546444577,3.0813223109844374,1.821912785284493,1.9804660301051937,1.2952101823638484,2.352958078661649,2.5111706614180616,2.46086471200363,2.6778166982022085,1.0641451360712262,2.7525092049549476,6.420889697993157,6.054453265318573
61,2.1979710790944833,2.561047672334254,2.212569017870842,4.054071654755419,2.158256063032646,2.9678085052684353,4.879146645416639,2.4681578783840794,2.759629604775893,1.6000874144743815,3.5527787168725182,1.5477658187639238,2.6724336116077243,1.6217436030036618,4.006659020394269,2.5648921992769442,2.1817729444482374,2.9090644565180335,1.5592008549048686,1.985262482214297,1.5240652663391359,2.482552395900304,1.858264480572254,2.17524844335017,2.4001756423730747,2.246432442561531,2.6405854645713123,6.72296654701434,7.116046969152057
63,2.153985545232729,1.8807261322979076,2.6738520732188498,3.513393777709196,1.5548752317473484,2.4973627941397143,5.3948451437227085,2.9809879442276643,2.842696053460378,1.4719681181483077,4.262842240617558,1.4072385198531938,2.0066317085532956,1.7621598482028493,3.380656520458234,5.377967667426429,2.679688525483383,3.0574953255885733,1.688107838538214,2.0381275187524888,1.293319781159334,4.674634169278749,2.0485762642589442,1.9210155149888837,2.7864438638509648,1.2955378108961924,2.6034766691528386,5.335525311488188,
66,2.565704160233178,2.3739090237850604,2.591351339341644,3.979550342130794,1.2364708828894349,2.7236445136287006,3.7402017488244717,3.2835418143898893,1.325644869722654,1.4464540526795915,3.6931008695127145,1.1295028006059022,2.2408413292809684,1.9785922015704154,3.724990167823335,2.605486395308335,4.260610202280261,2.9139234369612703,1.1715679359607913,1.8929886808620644,1.369028474865439,2.471317964361147,1.8369102239024981,2.140839214386948,2.6674827518382647,1.693862589421499,2.3909352850486596,6.073163813089071,
69,2.128173568207845,2.09280361280523,2.497841718467685,3.9210244871614015,1.2577007844945127,2.679842032642879,4.352535300937469,2.7630579864743554,1.3765402332291745,1.538147550569822,3.8426809889839397,1.3091468270253284,2.5397456997065837,2.1950245549379814,3.7252399217834404,2.368548676098979,2.4855809534304725,3.4235731507757032,1.317565152083486,1.8579197883048357,1.4542823179658133,1.8286945154051635,1.5578964689181036,2.3971015603038097,1.9276918778308765,1.092563117165292,2.702996366696126,6.013745808979332,
71,2.3168836659946344,1.9036383674966284,2.2547346211413486,3.559155984808886,1.4465423530957702,2.325846052333415,4.979437137946856,3.4895604255364776,1.23581854853755,1.7882834636821068,3.56288668711413,1.4558872046825049,2.153888440118209,2.068884089858028,3.5110196750732823,2.2720683353605247,2.2983953713961154,3.8133723400736295,1.3173970498835332,1.822850895747607,1.4989785969433882,1.8571977531467239,1.7969299880739855,2.0237324323503043,3.32976143859106,0.9668209182125572,2.181567133923995,5.9543278048695925,
74,2.2719929697942556,1.9740217314008006,2.6507092976989517,3.5277746047574854,1.66851540657311,3.2248227351986776,4.561879651037951,3.2121537543942233,1.2500015220690885,1.6935420003773907,3.54621903537884,1.4837693679580783,2.3943172193190168,2.39817639051009,4.697369656535543,2.168444557669624,1.8493406616414967,4.781631804489364,1.3366712912474294,1.916145060684009,1.3846338168256285,2.5733580867516483,1.606276202723747,2.458582333957167,3.467028351845117,1.1498378550240338,2.405948890170322,6.586907044738622,
77,2.3997366620745706,2.299742790272089,2.411889563725013,3.773123542584531,1.3529891759156565,2.854768282590096,5.645758336125419,2.934747083251969,1.7594288283789423,2.123355796618694,4.3384624425287655,1.4133792100764777,2.4113987616782593,2.730012460874433,4.645046960753533,1.920565392943294,2.179954988311833,4.013610157472159,1.4053455784343443,1.7614617044879157,1.1072389492638086,2.625880114706609,1.7166411754989943,2.1148686440794564,3.6820650674135638,1.1184039839462856,2.312854041755846,5.252806604632696,
79,2.5274803543548856,2.1524772461704638,2.3386713239880113,3.7415783368391775,1.3096822536912547,2.4847138299815152,4.408683266860731,2.811344876682591,1.144248073176458,1.8123403724385703,3.763705844310446,1.9128102955568889,2.0721424970191147,1.8368036936691636,4.111644119778233,2.3533485710752435,2.312454795903823,3.839895787517421,1.3049015276526077,4.622477398246237,1.1591593936188775,2.3562655793518235,1.7256845199528419,2.1856978380196175,4.007912846434586,1.2012914790574403,2.528671208795596,6.961705016976302,
82,2.972950735054209,2.1117606870086316,2.6707597695185674,3.996908038148328,1.488396264399449,2.6515649682185995,4.279674805210807,3.124392585725097,1.2230153717748546,1.6401845113853286,3.512307623121752,1.648824589407929,2.1394969462699853,2.1903290272205473,5.2535312688551565,4.803368137219846,2.3055097281435106,4.000800976142681,1.277695989761853,2.2043845907872237,2.686727943475766,2.2172107685299642,2.0628272491367055,2.4782749313520003,4.096147487874947,1.3691146357572652,2.4431763472954438,6.241259469435019,
85,2.748390419754147,2.137500798382949,2.4345481403922418,3.9042575944966935,1.5309023390899197,2.5493740108274614,4.2756677260927125,3.152973880677961,1.289032887038208,2.2335941622193647,3.5377706109246803,2.048166199140062,2.347063322641096,2.326148384943344,5.745583575761322,2.4288494113294883,2.481413403883787,4.042029193363155,1.5369676697010375,2.0182309193409758,1.3317508627218382,2.2901773907219773,2.321060952164327,2.2449316938069974,4.787873960333689,1.3712650225716128,2.3117476208215826,7.246575286309945,
87,2.870631590993638,2.0450032112503966,2.7196292064074266,3.429481480747261,1.7252792294018153,2.376097437860079,4.077348076847466,2.0853609851017794,1.353613375591062,1.7234178292232287,4.015596008950709,2.1050222615120218,2.3019602619151263,1.9313552705616674,6.237635882667488,2.478715339436804,2.385562596682701,3.387669808181499,1.4806328518073297,1.8320772478947283,2.883637938807214,2.2771761389253484,1.5562944174812487,2.158676284160919,3.6071872455429004,1.7820703263023385,2.7102250680556224,6.3565185365831285,
90,2.3609721509829154,2.2018317751149,2.437581010909462,4.061533246679546,1.370530864785687,2.0505233310407394,4.142855909402594,2.8456371212749683,3.226821464005002,1.596204785831022,6.347542610374349,2.189126620896754,2.256857201189157,1.8002151671084552,6.828965810315757,2.4376550030184325,2.214862568464034,3.1905648110330627,3.0446206022872775,1.971435861532609,1.3851641073395584,2.465537109726118,1.6943357953741391,2.511391095771595,5.935826894436537,1.2566411997270066,2.4811302733814338,5.655609239964304,
93,2.8759717054445435,2.19148540794246,2.648986768185396,4.1782908277191,1.525095773096601,2.342038184390438,3.8616802476251553,3.5558899195902467,1.4352366171140045,1.921705591643106,3.102953929794995,1.7321441741027894,1.8767667732370905,1.5044128597473239,9.843983558066508,2.396594666600061,2.4689248271526814,3.091496560101289,1.7381215142763586,2.0964759162951605,1.3274401294586877,2.5177580868435427,1.7741470652335116,2.515288110141012,2.5602134441290665,1.276550598584253,2.684247128787107,5.905806394213667,
95,3.1136782388798396,2.299856683974713,2.4229951778035077,3.902478797741656,1.631965227044714,1.8767097734653582,3.1796514377298086,2.603517242967443,1.3253977097561755,2.441578737060199,3.216319760166606,2.1364592525286272,2.4200691194182737,1.6437546117788666,11.549008401391587,2.13935434702454,2.7320215419703953,2.553942302256471,1.4417151653362137,2.109533877691072,1.4306388606029392,2.506011161294395,1.5853219907348342,2.012847020632948,2.7072286416831197,1.13767120674116,2.7012500658322183,6.253350989290382,
