,20,20,20,10,10,10,10,5,5,5,5,2.5,2.5,2.5,2.5,1.25,1.25,1.25,0.625,0.625,0.625,0.313,0.313,0.313,0.156,0.156,0.156,0.156
0,1.5500896031448563,1.6083676928388493,1.7043806737009517,2.4095125354461935,1.6441739102304522,2.0789649036052857,1.8011450887346439,1.2576574308132076,1.5257390010147633,1.5438363354418858,1.2090420572407985,1.1752409356513247,1.5798912424683442,1.7053566903851645,1.811444725061107,0.9735491196576185,1.9833203958688523,1.4294842684917577,1.753507618189679,2.406972240114071,1.2261209853874346,1.2433471723389817,2.3992902813390673,2.155427240344569,2.777423904711354,1.4098853061779801,3.1328317387303692,2.0229925837639104
3,1.995649079945172,1.5576743437759775,1.6112050238466487,2.5819849858964217,2.2986923054779673,2.0959552460107513,1.937993572518344,1.143980604462215,1.4416184616167165,1.3724131220218472,1.1967549839443579,1.2351298203310304,1.57877609803306,1.6555792727025573,1.6848854201908452,0.9473888159670083,1.9621236612240833,1.3376824237293863,1.9061409213911664,2.7342114741118264,3.56938472071345,1.3201571668657173,2.7759261599597087,1.5790726137941544,2.507097515040401,1.4840315190552893,3.393851901223133,2.21243822295336
14,2.4412085567454875,1.5069809947131056,1.5180293739923454,2.7544574363466494,2.9532107007254824,2.1129455884162165,2.074842056302044,1.0303037781112223,1.3574979222186698,1.2009899086018088,1.184467910647917,1.2950187050107358,1.577660953597776,1.60580185501995,1.5583261153205836,0.9212285122763981,1.9409269265793143,1.2458805789670149,2.058774224592654,3.0614507081095823,5.912648456039466,1.530651895105845,1.6745929563378974,1.5139289111022218,2.5128120425825022,1.5179788039109134,3.654872063715897,2.401883862142809
16,2.2219200033697755,1.4849894484378774,1.9469710699011338,3.625165377822528,1.5855027320950554,2.2538319705132963,2.4181204142945756,1.1079895267900361,1.2846603102283718,1.3144468889013563,1.063211441461286,1.1761910022889202,1.454226308976482,1.8057292973426504,1.6549611775624724,1.2802744298368864,2.06092455360439,1.2135389513218835,2.2332362140677016,3.4765533413805456,7.885764908848758,1.87553324516545,3.0125037182041083,1.584060739526329,2.510864520293639,1.5552545098996389,3.7699390657463625,2.5913295013322584
19,2.002631449994064,1.3600139069001358,1.763678378871884,3.821604347559916,1.7285807717996056,2.1637001117335974,1.9730123612835724,1.1486522856400811,1.4608850436170482,1.8959726458052741,0.8553877393694258,1.286120439098166,1.7765050857328564,1.615645554880838,1.9169488463439022,1.1244285413104107,2.095398864327739,1.5160044913212618,2.010250392324059,2.7784113230344243,9.85888136165805,2.9949253121857273,2.9974947155316327,1.4490377790565092,2.6504673491574597,1.46993274307724,2.8988796237289574,3.2206582928081966
22,2.311163122337089,1.5262953399616774,1.5237241000326613,3.65312565363748,1.7137378578389975,2.1413158126541987,2.5043361137442157,1.263098796315706,1.3695995096747842,2.3795584702423334,1.078828636700095,1.0991211455725693,1.731435561024057,1.5558880651360742,1.5959339983987602,1.127088813069575,1.6870931376441765,1.1903183009840927,1.7938193488613896,2.633283145471372,5.658337588065562,1.4469855297437053,2.8803605169096853,1.8906720693315546,2.296408420282717,1.5119274643759357,5.9001272288777535,2.5808006667267334
24,2.255550400755894,1.824603033820109,1.570791692577679,3.279488165209009,1.8365538930103629,2.1189315135747995,2.5216187044860865,1.1897416244800147,1.1778662639863855,1.903067522705344,1.0218894220352708,1.2446308790316605,1.6758756982953185,1.4187575223249846,2.0607878676292137,1.1266185718301887,1.7032715409356607,1.4845654418008476,2.1721346675757713,3.130267391719431,2.285125783801189,1.5541053796967679,2.8317297861520156,1.6744021400596172,2.300161300677068,1.5274567256411034,2.9663857955975805,2.7703685043508917
27,2.086130542240683,2.039421283275608,1.546265999523047,3.003101630478908,1.7802320670389813,2.0965472144954007,2.5389012952279573,1.0563431224271536,1.1794088278732942,1.267209390772732,0.9743045757835145,1.2621148085472802,1.6483525745560812,3.092109006393028,1.6524427285327226,1.1908197808150978,1.853239048212322,1.1652393299992336,1.6758672940071169,3.1440315126864715,1.5925811438645634,1.3034453647596744,3.108941555954966,1.8549775335295562,2.5671985913050723,1.4717767359770912,3.881754926445024,2.848052687291624
29,2.021502176232641,1.795533821956662,1.4968002401469978,3.075710981841185,1.4828304519272801,2.074162915416002,2.8295576508067413,1.0891346863680273,1.331588059635329,1.7427375574231505,2.532181755807518,1.201684193565618,1.2715913040141649,1.5437585731199608,1.4858856029449652,1.1260988373803145,2.004939676155577,1.4988999010080724,1.9402420558818105,2.8641543641455285,0.6493557280040183,1.2784489399134948,3.0791359878012123,1.778042336669559,2.634756256673732,1.8153261711708657,3.752978356893972,2.8349374084000805
32,2.267021264304786,1.751724525370752,1.5499077375175383,2.854795474066057,2.0815776632900427,2.197606821828915,2.16058419153391,1.0601829689093258,1.1765293570361117,1.658128196232891,1.2175758480168881,1.4917313957538152,1.3189273734739886,1.703499458043424,1.9344137827026842,1.2783690975095086,1.9012618916614576,1.6218524610473684,1.7546030856443104,3.4856824861662594,1.248214859251164,1.2872615326813457,3.2291847688077167,1.8485576790995046,3.0819510922808737,1.7595189886599738,4.636230081718267,2.9901664605267113
34,2.293756314511009,1.8304761879307336,1.5668889064226676,2.725898955235731,1.6836499097596092,2.63562195801865,2.286744070730339,0.9596393427906195,1.2572610287189496,1.833385221349571,1.1460587699700884,1.3746058516843687,1.5838360951224821,1.8080220302783456,2.053609881750459,1.080655773782036,2.1048836574185295,1.409159534476954,2.0801418075789515,2.956067624658641,1.3563664079341902,1.1222039496982787,3.03992745165501,2.2879989329541637,3.8987299187872986,2.6873116372345875,4.97701275220525,4.402356567678586
37,2.516684054492536,1.748531688958666,1.5720603258745312,2.7133621801414556,2.174312116768504,1.9501912250616498,2.7843051922065865,1.0736784379542388,1.1771959468752826,1.4311017832017747,1.2670044226597386,1.273016408478582,1.5551652043385578,1.6523936969068433,2.236137747177736,1.5006701684969246,2.1761243306887805,1.5991911958781304,4.648007729676316,0.8873694536571008,1.2759513119161396,1.6453038162866225,3.4776383447604204,2.376941323536403,4.3476998063502625,1.8970118995685956,4.118907505451117,5.338033189468763
40,2.5489086309372,1.8634592665751146,1.4234243291884379,2.868982811772401,1.9706026268807304,2.1841135759561716,1.6778960221326253,1.1671443901237157,1.1280843651510637,1.4628270621295705,1.1578791407689175,1.5939955827442622,1.6940209566360354,1.9759820561108312,2.1018164426004913,1.2627146350698095,1.9160951237187662,1.8378007007086254,2.1184862708949472,2.560975970112457,1.2758812276829412,1.0866228497171346,3.14522057747531,1.9805978887371636,4.7920302123161385,1.6863619393721991,4.182008442958624,5.008231502157088
42,1.9738746272389633,1.9975336771820416,1.6015593618876334,2.7215800535585144,1.8833026714365142,2.260862753737233,2.4575420520502047,1.2213380640374174,1.67709044430698,1.3276927343591625,1.2492347206939884,1.3024578685082162,1.6823010985853184,1.6384460098657672,1.890106823747017,1.1263871880541259,1.6180854941627294,1.6113559429325783,2.1379753369206593,3.6480705290365805,1.4800460235695574,1.0896287052812563,3.7466288504829537,2.088369797641062,5.828011787310903,1.931354817945855,4.58058347284623,4.640966578467397
45,2.5622180089736846,2.337078190543759,1.5226398333812188,2.416187954475943,1.6135860732075782,2.2294917861524217,2.581822387587162,1.0975654531263723,1.3010650127598165,1.7473470837203227,1.0907235658383647,1.4279446330969068,1.771513746663172,1.7753126859853012,2.0222350663404027,1.6030243768908603,2.1644741087260497,1.6891719966980256,2.332973716579907,3.1209270797706408,1.7004688435693025,1.1333601930741406,3.8306894399935043,1.7466739959506816,4.870455233943564,1.9537265391695964,4.184477364007263,4.623906841161849
48,2.2397322052391107,2.1568248848074267,1.6033177372559682,3.1570758616767085,1.9104871435079254,2.1981208185676104,2.3610709298141983,1.2383794751891037,1.5469700832130413,1.8823078429776012,1.215587397604288,1.5791434711534618,1.561280751662903,1.9128871696845222,1.543067185195826,1.4789337555389188,2.0197644044837215,1.752352191757519,2.2857459839615486,3.200484048645682,1.5110521368405496,1.1029278179869695,3.221548659917732,1.9863836172311689,4.235354355244245,2.123856591948051,3.683004594124712,5.056619322925357
50,2.3849158140022957,1.5503620630795327,1.5007507000240001,3.18222027446094,1.81001333656972,2.389553463186094,2.635073636028535,0.9182178655995756,2.009232770619326,1.685476053866769,0.9993928902903311,1.7303423092100165,1.4532033057328901,1.9486513577951803,1.8767818880895404,1.426366955487188,2.0901370476231436,1.5508172700970897,2.346924868424247,7.647567856361071,1.4912361353144599,1.195205414033571,3.3939505522598954,1.8974864237644027,5.3291444443942995,2.0009231823787084,3.9559676827427905,4.184979926808291
53,2.1241089977223937,1.962685098730992,1.7121213584807256,3.3119002837989933,1.781737494507994,2.1948278225362072,2.5732764946967066,1.1250932743430042,1.744433915919704,1.7929686049987232,1.1067576432869686,1.424523641654923,1.7472899395340147,1.7681298750618044,2.1897107110273555,1.5923176040327744,2.158259946567109,1.7190246252164207,2.3108897134233026,3.588383312681855,1.5969055600258943,1.4716524145743362,3.164260077217608,2.58288551133959,5.1261532539613555,1.560112102282877,4.066511772621605,5.662944718209813
55,1.9677679537676191,1.9692828103438782,1.6248460691680755,2.6478971932773154,1.753461652446268,2.4978155446249066,2.358154832943321,1.1036395898516644,1.6626806795814764,1.8390146507966563,1.070704651481549,1.2581500903705392,1.8088154633023485,1.688958319036583,2.30831278274271,1.6198011321648582,1.85213891737477,1.7342551114171203,2.6143089440788567,3.8943834638684884,1.6928090571332497,1.9278557432026904,3.352698649639439,3.8843645518804206,5.82703931371336,1.5177350845619266,3.9346960172324095,5.040892481984255
58,2.6295267995132456,1.5839766069447136,1.5308148863053108,3.599842415260769,1.8818296570626858,2.344646868045856,2.752253309301353,1.151127520044772,1.9232436293508581,2.271322106084701,0.9966139857636548,1.3503212876603392,1.8080991087389668,1.106887528161737,1.8618966287945717,1.765687012462314,1.909202141445847,1.9762112637327287,2.2040389870302883,3.8515708914506632,1.830999551102299,3.3594611069165525,3.380138756886074,3.394408079648074,10.77059484638799,1.5336690793878651,3.69875312069991,5.230139909862256
61,2.689130068096156,2.1033124198426236,1.5763156811884362,3.510171555326903,2.020111241819116,2.4114148860655753,2.6836112621601313,1.1846301338533836,1.8755252942511733,2.775119045065584,1.6051016638678535,1.665508786258006,1.8073827541755851,1.6848067971319358,1.9121492357535699,1.7527951150584908,2.3182679304133718,1.6726297434734032,2.273569596971608,3.6101100561921915,1.7032550766180148,16.549331569454658,4.09602845669389,3.4611837092794873,12.695646287013398,1.4884844631220915,4.241627811881034,5.867233821164393
63,2.0426351572865484,1.6060180006669769,2.1770589135525187,3.923881457791463,1.8726576396575438,2.457915305501571,2.8379968661916952,1.2522293666121171,1.6680040296481224,5.728724626259298,1.2818011095747432,1.363412151208844,1.6180702730260832,1.9773075262266238,2.2295468139139376,1.8488996665073565,2.0538757585742755,2.0023426158611715,2.564601937648716,4.420752865816084,2.114735120001226,,3.6354294070401147,4.100895645187552,19.6128862068107,2.0541597748470735,4.325338970986014,8.036935197308045
66,2.285013380521624,1.6119966914771668,1.655089097153716,4.2088731334661365,2.010826398863913,2.2204560849575987,2.355335567133231,1.138685990019223,1.7636634053012352,6.81448061760712,1.1710235122543815,1.3562564993267086,1.4667499782584716,1.6726871392545204,2.287342632812479,1.9450042179562221,2.2053131627666622,1.6604903163724936,2.265319521659421,4.134141424732964,1.7115545606507865,,3.287306312457471,3.4614082356133666,16.747383375606333,1.3840840786172954,4.058465324078731,7.443986176903577
69,2.0960484498301897,1.2927690832424477,1.7418366217112737,3.9686620860552444,2.0789742154371353,2.4098909383825404,2.7232836139210885,1.1276128123119684,1.9747868505291477,6.390389168297782,1.0260644322741541,1.735268501763219,1.5908187279989232,1.7450822399970496,2.1350406062513314,1.997071730182843,2.1227084934320426,1.5659889407203194,1.9081167303759072,3.8268685732492926,1.8506934912054835,,3.356609694990062,3.770876819615176,13.881880544401962,1.72666547663082,4.062444521041788,7.2763209486191975
71,2.361668302058901,1.7445217501713544,3.619817811149546,4.848627025022422,2.147122032010358,2.638017480091132,2.5667185548926943,1.3179326237050124,1.6968902792220568,10.11565009337483,1.5047863126156378,1.4399496862510683,1.6239020607701058,1.7247923572995931,2.198254749491508,1.5690657333249853,1.827107527708268,1.7074190106908174,2.4255622260985295,3.4818263274017394,1.9866435862162461,,3.336011395060279,4.0803454036169855,11.016377713197596,1.5480792278738993,4.004598706355787,7.75162826994849
74,2.4619212696648463,1.4451953477347765,1.523070928510045,4.486358946128037,2.1109295564005057,2.510366086489928,2.7064289078950194,1.2225451273549806,1.5328729207510954,,1.211427558405568,1.491397195103091,1.6207866901444792,1.797642343980056,2.8082286727686996,1.7171668444944383,2.002341665680141,1.690113793600967,2.5537621097592487,3.6109830875604967,1.536439676575839,,3.238757823426439,3.9636363947435593,8.150874881993225,1.6553174613395536,4.090901807778887,6.500078693208476
77,2.0656501164413683,1.7356250649829827,1.5612958069025378,4.8014271638213994,2.046991905404684,2.3589340050248535,3.1677502176531287,1.2005699518376818,1.656164091875418,,0.925970044406855,1.2377220447134154,1.4587696836555128,1.6878891607310835,1.930931302869324,1.795364573112866,2.3441472131548498,1.469490412798322,2.116589496208856,3.792456759201434,1.8413434700369964,,3.818936171961193,3.1386910135498867,5.285372050788859,1.4044653185644091,3.7325793143074546,7.442314568262452
79,2.5814325014442927,1.8539131489319278,1.6761278073462529,4.1568547728695115,2.3049854113375368,2.654790191126995,2.506242586540161,1.4399998943006895,1.8237034342606098,,1.0570754233753739,1.6282402263572406,1.643781257698599,1.4337697347112308,1.9889149544857525,1.3224225383223827,2.451587563794697,1.5564631829091082,1.990021198946475,3.485269207575702,2.630299638914964,,3.693965840626244,3.5762146556545105,8.382580589690585,1.404519866836361,4.939652872721301,6.587513796251462
82,2.4874516847959183,1.7645172503437203,1.463782241559251,4.1321460996087716,7.206455031449759,2.6365185518289067,2.6069339515543155,1.3141201283412836,1.905662429648716,,1.0047592982823843,1.8303389826686225,1.5228714075533962,1.8873908727177366,2.0579167908340876,1.3584847755171463,2.2238451075569254,1.6572200426068064,2.140920654177756,3.4537912993261393,2.551521118284209,,3.8268234984877587,4.059080311044129,,1.7359656864511372,3.8543065258217557,9.265526287577964
85,2.5980095706273936,1.5355686290403152,1.5397847287704267,5.85078805014556,4.937024736672646,2.618246912530819,2.5080714772931154,1.3459700471266545,2.738773996936214,,1.0109223943384806,1.6927086450649522,1.3964380128135552,3.3605822861573307,2.0303131329904103,1.3284605672399872,1.9371851882504325,1.259666846186039,2.5094280875357264,3.9060574623313262,3.07591990388015,,4.121724202403893,4.696407180942382,,1.6450897834884894,4.896788993112138,8.440250976035104
87,2.41544056441957,1.5924527093948682,1.6344788547915092,6.819046429336243,5.628588602624498,2.2997244170478774,2.725499767526243,1.2790208036361028,2.496497546563986,6.732482558323079,1.1214122312308372,1.4757719923470332,1.5450264204339783,1.6674092242538305,2.2826348798887897,1.3793031461393002,2.2514150139895115,1.633787561478731,2.4775475795900306,4.430310671483615,4.816579865706376,,3.6551117584333044,3.8296216138190253,,1.5416587361805922,4.475492133611919,11.002044102099955
90,2.5035749087941546,1.7871643801674009,1.6496970604436156,11.009538589722647,4.5413199196260745,2.320194580618839,2.7548151044636207,1.1083090646501104,2.810565453607883,4.719614737712378,0.9921694523315803,1.3967394228458212,1.6499253077417662,1.9871994793235384,2.0196680610145608,1.2476174476876507,1.939960085820213,1.654462164352044,2.247623941027878,4.261821731041572,,,3.167617650590681,3.7789124133979333,,1.333231880198194,4.661232526011933,10.558391715160317
93,2.4041886863215667,1.3334106282089262,1.6641164929815702,13.000564163486139,4.093109900093609,2.936873375756133,2.611331692477559,1.1591593936188773,3.4974248737994587,2.706746917101677,1.2103643630527496,1.317706853344609,1.3229475646267703,1.4849472941332558,2.362839371065054,1.1308107165712258,1.6514441814129472,1.4779891930574192,2.3698200030480896,3.822113641833534,,,9.570085685464734,3.2557385010172655,,1.6581460278333398,4.330457469319347,12.233517696226242
95,,1.4019846302185779,1.4978440426869657,17.216400584272506,4.108810250951202,2.7319770551995823,,1.2535621218494923,3.7997950807820695,2.575956472920402,1.0192160565174655,1.6855270881671487,1.3658378668315012,1.4967093535115257,2.3441599928305834,0.9890926810612792,1.8837128882801746,1.3987474835336455,2.235182035628053,3.0629422971664884,,,3.25858085111825,6.7083901100571595,,1.3074586990109793,3.9472829365541546,9.32034413258333
