,8,8,8,8,4,2,2,2,1,1,1,0.5,0.5,0.5,0.5,0.25,0.25,0.25,0.125,0.125,0.125,0.125,0.062,0.062,0.062,0.062
0,1.154763560822359,1.4684027030756615,0.9101621916498721,1.190874801319407,0.18920189762849973,,2.5058730676602585,1.9312353864022591,,,2.1826770026660745,,0.8955223880597005,2.132352941176469,1.57142857142857,1.6666666666666654,2.499999999999998,0.21739130434782594,1.979166666666665,0.9558823529411756,1.4492753623188395,1.7647058823529396,1.8750000000000067,1.7567567567567475,1.0869565217391297,0.8695652173913038
4,1.5573012780579214,1.3037472529146097,1.4002495256151943,1.6410516492907066,1.095379407322898,1.8213601068950953,2.269812561286453,0.18024863606421165,,1.0386330206497667,1.6370077519995634,1.3235294117647107,2.2794117647058907,1.029411764705886,1.304347826086961,2.058823529411772,0.6617647058823554,0.514705882352943,1.55172413793104,1.339285714285719,0.9701492537313468,1.7424242424242484,1.3235294117646872,1.7607313195548318,1.5833333333333108,1.6911764705882415
6,1.4586487084071678,1.210622449134973,1.4486405018680466,1.2759372871279193,0.5023636592204925,1.9606489038897712,2.0337520549126467,1.4892674192846078,1.4680390120036726,0.818504828213533,2.6119820031904233,1.7999999999999743,1.985294117647031,1.7910447761193775,1.1267605633802658,0.289855072463764,1.5079365079364866,1.5441176470588016,1.911764705882326,1.1764705882352775,1.5909090909090682,1.7910447761193775,1.5789473684210302,1.7647058823529163,1.9999999999999716,1.417910447761174
9,1.7121757458207942,1.008613259397658,0.4900873339653093,1.073288423878191,1.004727318440985,2.0999377008844475,0.7263400196116596,1.9008037984952892,1.9719927026915003,0.8465715806961343,2.2606297527612615,2.352941176470555,1.5441176470588016,1.014492753623174,0.8088235294117533,1.6176470588235066,0.6923076923076825,2.153846153846123,2.028985507246348,1.1363636363636203,1.666666666666643,1.7164179104477368,1.4615384615384408,1.7796610169491272,1.0294117647058678,1.985294117647031
12,0.2994810150111335,2.475687091248797,2.311426390834316,0.24409235058099324,0.9910575590064139,1.3198261644167122,2.0502597826310933,0.19085149700916193,1.606808868859741,0.8746383331787355,0.9493946877268088,1.2499999999999822,1.5942028985507022,0.22058823529411453,0.8823529411764581,0.2238805970149222,2.4615384615384266,2.1323529411764404,2.4626865671641442,1.119402985074611,1.5624999999999778,1.7910447761193775,1.7910447761193775,1.7647058823529163,2.3880597014925034,1.1940298507462517
14,1.3978716788902026,0.47301487634089306,0.5518630483306844,1.9604877681584536,0.5370892577841211,1.517800089079219,1.2529365338301126,1.1123915825676864,1.5602346987478646,0.8797832645503751,2.10472425257083,2.028985507246348,1.6176470588235066,1.1940298507462517,1.6666666666666432,1.6666666666666432,1.1904761904761736,1.6417910447760962,2.028985507246348,0.5223880597014852,1.7164179104477368,1.5151515151514936,1.6176470588235066,1.6911764705882115,1.9402985074626589,1.1363636363636203
17,1.2988919451054302,0.7866601251146237,1.5176233829093821,1.073288423878191,1.3447888723748571,1.4091085225978428,2.0046984541281803,1.1285131997063487,1.655142023337474,0.7225273187128685,0.5456692506665115,2.246376811594171,2.4264705882352597,1.1029411764705728,0.8208955223880481,2.0588235294117356,1.2698412698412518,2.4626865671641442,0.8823529411764581,1.2307692307692133,1.571428571428549,1.8181818181817921,1.7164179104477368,1.84615384615382,0.4166666666666706,0.289855072463764
19,1.701756826475029,1.1003053738883544,2.311426390834316,0.5779245359344105,1.0561419360157902,0.780076359864206,1.6166923017162744,1.937000268152688,1.6311544577818586,1.2841280982578704,2.650393503237341,1.911764705882326,1.1940298507462517,1.7647058823529163,2.463768115941994,2.0900178253119135,0.23437499999999667,0.21428571428571125,1.811594202898525,1.5441176470588016,1.619047619047596,1.4393939393939188,1.7647058823529163,1.6911764705882115,2.2058823529411455,0.5970149253731258
22,1.75332521515609,2.979993720947626,1.3402388316602334,1.6272823372066794,1.7658843778659739,0.6599130822083561,0.7480218112418583,1.0814918163852507,0.9638639977801204,1.2282964418118765,1.7149605020947503,0.22058823529411453,1.343283582089533,0.8088235294117533,0.8088235294117533,2.121212121212091,1.1904761904761736,2.0895522388059407,0.2941176470588194,1.3235294117646872,1.666666666666643,0.8088235294117533,1.5671641791044553,2.3880597014925034,1.343283582089533,0.6716417910447665
24,1.1547635608224232,2.1418704869312584,1.7903190363223318,1.7596508258302703,0.6212599623621855,1.5149309017653774,0.22110644714647473,1.8448978044220294,0.2878507866674072,2.0528276172843545,1.3251967516187648,1.6666666666667616,1.1029411764704942,0.5882352941176805,1.6176470588236214,0.6716417910448143,2.0454545454546618,1.0000000000000568,2.500000000000142,1.0294117647059409,1.5441176470589113,0.7246376811594615,1.6911764705883314,1.6417910447759794,0.7246376811594615,0.5970149253731682
27,1.4586487084072712,2.2349952907108785,2.24039924098443,2.6466584870141006,0.9181856796677722,1.3858174726376462,1.5477451300255431,1.1451089820550528,1.6551420233375915,1.0264138086420311,1.920575002346036,0.9848484848485408,2.462686567164319,2.1014492753624383,1.1940298507463365,1.7647058823530415,0.46875000000002665,0.2325581395348639,1.9852941176471717,1.3235294117647811,1.7164179104478587,0.7352941176471006,1.3970588235294912,1.2318840579710846,1.8461538461536886,2.0588235294118817
30,1.2155405903393928,1.3343255466928723,2.3454179554055754,1.866631572219545,1.1182679322520928,0.3402676830137078,1.7204501658563962,1.1912083774678972,1.5831793266705148,0.6798325226071562,2.304690002815243,1.7647058823527906,1.2686567164179825,2.279411764706012,2.164179104477581,1.9285714285715383,1.904761904762013,1.2686567164179825,1.7391304347827077,1.3432835820894378,1.6417910447762127,1.1940298507463365,1.6666666666667616,1.0294117647059409,1.7424242424243415,2.132352941176592
32,0.9724324722715142,0.48064414853997384,1.4486405018679436,1.0866046574249895,1.4088264377259405,1.2810077478163118,2.0337520549127914,1.0031228441834923,1.6311544577819743,1.9795123452384844,0.623622000761683,0.2238805970149222,2.318840579710277,0.5714285714286039,0.7246376811594615,2.4626865671639693,1.6153846153847073,1.9117647058824616,1.5942028985508154,1.3768115942027812,1.5942028985508154,1.5217391304348693,0.7575757575758006,2.463768115942169,0.23076923076924388,1.3043478260870307
35,1.4804195846520507,1.6341901050356789,1.2602245730536523,0.9907277758876312,1.224247572890363,1.7934108469428363,1.6705820451069358,0.5015614220917461,1.7271047200044434,1.5107389391267991,0.7911622397723967,2.1014492753624383,1.6666666666667616,1.102941176470651,0.7352941176469961,0.5303030303029851,2.463768115942169,1.9852941176468895,2.348484848484982,1.3970588235294912,1.7424242424240937,1.692307692307548,0.5882352941175969,1.3235294117647811,1.7910447761195047,2.0588235294118817
38,1.4623888333005193,1.6082505795591506,1.379657620826809,1.1390976360447163,1.4078847088237174,1.3886866599514973,2.0502597826309477,2.0974386742018476,1.439253933337036,1.7858287161022537,0.8329808153032237,1.6911764705880912,0.6521739130435154,0.29411764705884025,0.37313432835817717,2.2463768115943306,0.7258064516128414,1.0144927536232462,1.3235294117647811,1.3043478260870307,1.0447761194029703,1.544117647058692,0.7971014492754077,1.0294117647057945,1.5441176470589113,1.9852941176471717
40,0.8385468420311141,1.0406327279500387,1.5402744781766864,1.4460622587450778,0.18363713593355446,1.4932890317401575,0.7593554750484991,2.0015669437579198,2.191103002990556,1.7595665291006248,2.2943704953399506,1.5942028985508154,0.8208955223881064,2.500000000000142,0.29411764705884025,1.8382352941177516,1.5533794162826786,1.3235294117647811,0.36231884057973074,1.3970588235294912,1.811594202898525,1.8382352941177516,1.6666666666667613,1.7142857142858117,2.272727272727079,0.21739130434783846
43,0.18505244808151947,0.4730148763409266,1.4742627148263616,2.178615308170811,1.4690970874684357,0.19215116217244674,0.4358040117670267,1.2539035552293654,2.0149555066718503,0.7225273187129198,2.611982003190609,2.500000000000142,0.7352941176471006,2.500000000000142,0.6818181818182205,0.5970149253731682,2.380952380952516,1.2318840579710846,1.4925373134329205,1.0869565217391923,1.0447761194030445,0.7971014492754077,2.318840579710277,1.7424242424243415,0.9558823529412308,0.6060606060606405
45,1.6770936840624666,0.8252290304163243,0.873097615697562,2.1154670383687586,1.4288979134332296,1.409108522597943,2.5058730676604033,0.8651934531082621,1.7020742168159733,0.6798325226071562,1.8931382165982353,1.7647058823530415,0.9420289855073,1.6666666666667616,0.5970149253731682,1.6153846153847073,2.500000000000142,1.5000000000000853,1.0144927536232462,2.500000000000142,1.5671641791045667,0.8088235294118107,2.352941176470722,1.1594202898551385,0.21428571428572646,1.8382352941177516
48,1.7888403314546881,2.0487456831516386,0.2719325165687624,0.650912934882695,1.4078847088239175,0.18936636272067217,1.1792343847813662,1.5496002145222605,0.8764412011962847,1.2463596247797866,2.5700785485939677,1.8382352941177516,0.21739130434783846,0.7352941176471006,2.3134328358210268,1.5714285714286609,2.3437500000001332,0.6818181818182205,0.8695652173913538,1.0144927536232462,1.6417910447762127,0.9848484848485408,1.4393939393940212,1.250000000000071,1.7968750000001021,1.4925373134329205
51,1.7968860900669286,1.1003053738884325,2.3454179554055754,0.25137868940432434,1.9304077671082827,0.4847213612924668,0.3579818668086291,0.6997888223669767,1.301772960600364,2.126142889330224,1.013385751237879,0.4285714285714529,1.1363636363637009,0.8088235294118107,1.956521739130546,1.176470588235361,1.1194029850746905,1.060606060606121,1.7391304347827077,1.8115942028986538,1.6911764705883314,0.7462686567164603,1.4179104477612745,0.29411764705884025,0.6617647058823906,2.132352941176592
53,0.1823310885509089,0.29311413648667256,0.27593152416536176,1.8713746877877477,1.3667719171970023,0.7800763598642614,2.137362322416226,2.162983632770655,1.7271047200044434,1.5396207129632657,1.8987893754537524,1.7164179104478587,0.3676470588235503,0.29411764705884025,0.5303030303030605,1.3970588235294912,1.393442622950899,2.500000000000142,1.280012978585407,1.0714285714286325,2.0000000000001137,0.7352941176471006,0.21428571428572646,2.424242424242562,1.102941176470651,0.7462686567164603
56,1.7968860900669286,2.567379205739676,0.9657603345787663,2.476819439719078,1.6774018983781391,1.388686659951596,0.6074843800388856,1.8181601550825799,2.198512530053965,1.6370096564271823,0.6236220007617717,1.4705882352942012,1.7164179104478587,0.21739130434783846,0.22058823529413019,2.500000000000142,1.0714285714283278,0.8695652173913538,0.8208955223881064,0.9701492537313984,1.5942028985508154,0.7246376811594615,1.2857142857143589,0.21739130434783846,0.29411764705884025,0.5797101449275692
59,1.4375088720535427,2.4756870912489735,1.4742627148263616,1.9401752277799444,0.8697639473071833,1.537209297379574,1.0318300866836956,0.2507807110458731,0.5673580722719911,2.1578763652903765,0.857480251047436,0.9285714285714813,2.1014492753624383,0.5564568462037954,0.22393048128343518,2.426470588235432,1.250000000000071,2.0149253731344428,0.4477611940298762,1.1363636363637009,1.7164179104478587,0.7971014492754077,0.6060606060606405,1.9402985074627968,0.29411764705884025,0.30303030303032025
61,1.4974050750557737,0.9169211449070271,1.5636119702703837,1.4035310158408107,0.5429271844992045,0.3250318166101089,1.815850049029278,2.0318937156330397,1.5602346987479756,1.8063182967822995,2.5351590030967674,1.4393939393940212,0.22058823529413019,0.8955223880597524,0.22727272727274017,1.2878787878788611,2.500000000000142,1.7164179104478587,1.7910447761195047,1.102941176470651,1.5217391304348693,0.8695652173913538,2.500000000000142,1.6176470588236214,1.3432835820896285,2.279411764706012
64,1.545749867479003,1.0406327279500385,1.5402744781767956,0.26316206547015203,1.3667719171970023,1.7042972644860495,1.4003408319278725,0.6997888223669767,1.5831793266707397,2.0834668354527777,0.8155056933038553,1.449275362318923,1.4179104477612745,0.5072463768116231,1.212121212121281,0.5000000000000284,1.6428571428572363,1.9852941176471717,1.6911764705883314,1.212121212121281,1.6417910447762127,0.8088235294118107,1.8840579710146,2.230769230769358,1.7647058823530415,0.4285714285714529
66,1.594094659902232,0.5959987441893981,0.21003742884229032,1.6666930813109628,1.6891067962197475,0.25620154956326235,0.9442420254952245,2.0993664671009302,1.4680390120037767,1.0115382461980877,1.124409365009861,1.8571428571429627,1.3235294117647811,2.424242424242562,2.089552238806089,0.8823529411765207,1.7391304347827077,1.6417910447762127,1.8382352941177516,0.23809523809524036,1.6176470588236214,0.9090909090909607,1.8115942028986538,1.6176470588236214,1.959276018099659,0.3676470588235503
69,0.8508784132375748,2.1804832104490175,1.835544486839146,2.5438999662114696,1.0090767873520567,1.8574612343336518,0.2278066425145821,1.4631948104036785,1.6798456356262121,1.5173073692971317,1.0913385013331003,0.35714285714287747,2.1641791044777348,2.4621212121213523,0.8088235294118107,0.7352941176471006,0.3787878787879003,1.6417910447762127,1.3432835820896285,1.2686567164179825,1.9402985074627968,1.5441176470589113,2.500000000000142,1.5942028985508154,2.1538461538462763,2.500000000000142
72,1.2155405903393928,0.9664844500369992,2.31142639083448,1.7822616074169024,2.081220873913617,1.7934108469428363,0.21790200588351336,0.6896469553761511,1.482867688892704,0.4335163912277519,0.9218760011260972,1.5942028985508154,1.6617996971664366,2.500000000000142,1.2999341527656578,2.500000000000142,0.46875000000002665,1.5942028985508154,2.3913043478262233,1.2318840579710846,1.9117647058824616,1.538461538461626,1.5217391304348693,1.7187500000000977,1.3970588235294912,1.8382352941177516
74,0.49347319488405195,2.5329946628049425,1.0877300662750495,1.9604877681585926,1.0406104369568085,0.7574654508826887,2.5058730676604033,1.6450861432340196,1.4087243044480686,2.2242725611454657,0.6145840007507315,2.0000000000001137,1.1594202898551385,2.0149253731344428,1.7910447761195047,0.6617647058823906,0.8823529411765207,1.449275362318923,2.2463768115943306,1.176470588235361,1.5942028985508154,0.9558823529412308,1.4179104477612745,2.352941176470722,0.5882352941176805,1.7391304347827077
77,0.7402097923260779,2.42124489826943,1.750311907019086,0.6045979760545032,0.18363713593355446,1.6012596847703895,0.8352910225534678,0.5165334048407535,1.495951815559404,1.7340655649110075,0.6401916674486786,2.1014492753624383,1.0447761194030445,2.0588235294118817,0.8823529411765207,0.28571428571430196,0.5882352941176805,2.0588235294118817,1.5441176470589113,1.3043478260870307,1.5942028985508154,1.5909090909091812,1.2142857142857832,0.9701492537313984,1.2318840579710846,2.462686567164319
80,0.4791696240178476,2.899453350110998,1.9900515985259428,0.650912934882695,1.7139466020465082,0.7800763598642614,1.7688515771720494,1.743300241337543,1.5831793266707397,0.9673238878887895,0.6657993341466258,0.21739130434783846,1.8181818181819214,2.2463768115943306,0.8823529411765207,0.6716417910448143,0.2898550724637846,1.3970588235294912,1.2142857142857832,1.3043478260870307,1.3432835820896285,1.6176470588236214,0.36231884057973074,2.3913043478262233,0.9144494916721264,2.205882352941302
82,0.1823310885509089,2.094049641746534,1.8625377881161922,1.3406863434897296,1.3676594314289483,0.37873272544134434,1.30741203530108,0.19085149700917547,2.1911030029907117,2.126142889330224,0.691407000844573,1.9402985074627968,2.0588235294118817,1.3432835820896285,1.6666666666667613,2.500000000000142,2.3437500000001332,1.5714285714286609,1.6176470588236214,1.3432835820896285,1.5441176470589113,0.3731343283582301,0.7352941176471006,1.8840579710146,0.5970149253731682,0.6617647058823906
85,1.8785627305245158,1.32444165375472,1.4486405018681494,0.25137868940432434,0.361951456332803,1.2351209031184138,1.0318300866836956,2.162983632770655,2.230843596672406,2.4555144846407737,2.044589273926094,0.2985074626865841,2.388059701492673,0.44117647058826037,1.8627450980390288,2.348484848484982,1.956521739130546,2.3134328358210268,1.3970588235294912,1.363636363636441,1.5441176470589113,2.2463768115943306,0.7971014492754077,0.3731343283582301,2.0149253731344428,2.3913043478262233
88,1.2080603405523453,0.7224227202295735,0.6898288104132084,0.6804998864680786,1.7395278946138724,0.3787327254412367,1.5979480431453104,1.937000268152275,0.2191103002990089,2.2727734334213174,1.4240920315899095,2.4626865671636193,0.28985507246370223,2.0588235294112964,2.0588235294112964,1.5217391304344368,1.6911764705878507,2.352941176470053,1.5441176470584723,1.3043478260866601,1.6417910447757462,1.6911764705878507,1.5217391304344368,1.838235294117229,1.2499999999997158,0.5882352941175133
90,2.0664190035763803,0.6953318682212282,1.6315950994121105,2.0826589267309337,1.2854599515345158,2.049612396505516,2.211064471464433,0.5324267403741638,2.3768250670530584,0.8064679925043385,1.7405569274987784,0.36764705882344584,1.0507246376809207,2.4999999999994316,1.3076923076920102,1.5217391304344368,1.788211186113383,0.7971014492751811,2.1323529411759856,1.4179104477608717,1.5441176470584723,1.6417910447757462,0.2985074626864993,0.2777777777777146,0.5970149253729986,0.5882352941175133
93,1.189756395998522,0.7088772942255377,1.5176233829090584,2.4060531700121346,1.5081310680529172,1.617729784384711,1.031830086683402,0.3134758888072523,0.21275927710193618,0.8064679925043385,2.4944880030463774,2.352941176470053,1.8115942028981389,0.7352941176468917,1.8851894374278149,2.205882352940675,1.8852459016389154,1.5217391304344368,1.6176470588231615,1.4393939393936122,1.6176470588231615,1.6176470588231615,0.2205882352940675,0.6249999999998579,1.6176470588231615,1.2642669007898792
96,,0.7224227202298473,1.1037260966611335,1.8421344582905406,2.0812208739130256,,,0.8393667828659859,2.2641397697564254,0.8670327824552573,,2.0588235294112964,1.838235294117229,2.4626865671636193,2.4626865671636193,0.5147058823528241,2.153846153845664,1.5441176470584723,1.838235294117229,1.3970588235290942,1.7910447761189958,2.173913043477767,1.6176470588231615,1.666666666666288,1.5671641791041213,1.9402985074622454
